"$ 필수 컬럼은 다음과 같습니다. Id, NpcId, NodeType, Speaker, DialogueText, DialogueText_Korea, NextNodeId,  $",,,,,,,,,,,,,,,,,,,,,,,,,,,,,,,,,,,,,,,,,,,,,
$ (필수) 노드 ID 입니다. 겹치지 않게 작성해주세요. $,$향후 퀘스트 NPCId와 비교를 위함.$ ,$ 필수는 아니지만 분류에 의해서 사용됩니다. 시작 노드를 지정해줘야 합니다.$,"$ 필수 사항으로 입력해주세요. Start, dialogue, choice, end로 구분합니다.$",$ 화자 키 입니다. 번역이 없으면 해당 이름이 들어갑니다.$,$ 한국어 모드에 들어가는 화자 이름$,$ 영어 모드에 들어가는 화자 이름$,$입력되는 대화 키 입니다. 겹치지 않게 입력해주세요.$,$키에 대응되는 한국어 대사입니다.$,$키에 대응되는 영어 대사입니다.$,$다음으로 이동하는 노드 이름입니다. 노드 Id를 넣어주세요..$,$조건에 의해서 이동되는 노드 입니다.$,$조건 노드의 상태을 확인$,$화면에 보이는 이미지$,$이미지가 있다면 꼭 설정해야 버그가 안생깁니다. 또한 이미지가 없을때 설정을 안하면 캐릭터 이름이 표기가 안되기에 설정해 주세요.$,$타이핑 효과 여부 입니다.$,$배경 이미지 Addressable 키$,$별자리 이미지 Addressable 키$,$가운데 이미지 Addressable 키$,$가운데 이미지 표시 시간 (초) - infinite 입력시 무한$,$가운데 이미지 페이드인 시간$,$가운데 이미지 페이드아웃 시간$,$캐릭터 이미지 숨김 여부 (true/false)$,$선택지 키 입니다. 빠지면 에러가 생깁니다. 번거로우면 한국어 입력 그대로 쓰시면 됩니다.$,$ 한국어 선택1 대사 입니다.$,$ 영어 선택1 대사 입니다.$,$ 선택시 이동하는 노드 입니다.$,$ Text1와 동일$,$ Text1와 동일$,$ Text1와 동일$,$ Text1와 동일$,$ Text1와 동일$,$ Text1와 동일$,$ Text1와 동일$,$ Text1와 동일$,$ Text1와 동일$,$ Text1와 동일$,$ Text1와 동일$,$ Text1와 동일$,$ 2번째대화 해금 조건$,$ 3번째 대화 해금 조건$,$ 입력하면 다음 로드로 초 이후로 이동합니다. $,,,,
Id,NpcId,StageId,NodeType,Speaker,Speaker_Korea,Speaker_English,DialogueText,DialogueText_Korea,DialogueText_English,NextNodeId,NextNodeIdAfterClear,NextNodeIdCondition,CharacterImage,CharacterImagePosition,UseTypingEffect,BackgroundImage,ConstellationImage,CenterImage,CenterImageDuration,CenterImageFadeInTime,CenterImageFadeOutTime,HideCharacterImages,ChoiceText1,ChoiceText1_Korea,ChoiceText1_English,ChoiceNext1,ChoiceText2,ChoiceText2_Korea,ChoiceText2_English,ChoiceNext2,ChoiceText3,ChoiceText3_Korea,ChoiceText3_English,ChoiceNext3,ChoiceText4,ChoiceText4_Korea,ChoiceText4_English,ChoiceNext4,Choice2Condition,Choice3Condition,AutoAdvanceDelay,ConditionType,ConditionValue,EffectType,EffectValue
string,string,string,string,string,string,string,string,string,string,string,string,string,string,string,string,string,string,string,string,string,string,string,string,string,string,string,string,string,string,string,string,string,string,string,string,string,string,string,string,string,float,string,string,string,
tutorial_scn001,narration,Tutorial,story,,,,dialogue_scn_narration_01,"$먼 옛날, 우주가 찬란한 별빛으로 가득하던 시절…$","$Long ago, when the universe was filled with brilliant starlight…$",tutorial_scn002,,,,,TRUE,tutorial_bg01,,,,,,,,,,,,,,,,,,,,,,,,,,,,,
tutorial_scn002,narration,Tutorial,story,,,,dialogue_scn_narration_02,$하늘을 수놓은 별자리들이 있었습니다.$,$There were constellations that adorned the sky.$,tutorial_scn003,,,,,TRUE,tutorial_bg02,,,,,,,,,,,,,,,,,,,,,,,,,,,,,
tutorial_scn003,narration,Tutorial,story,,,,dialogue_scn_narration_03,"$별들의 빛이 하나 둘씩 사그라들고, 칠흑 같은 어둠이 찾아오던 그 순간까지,$","$Until the moment when the stars’ light faded one by one, and pitch-black darkness arrived,$",tutorial_scn004,,,,,TRUE,tutorial_bg03,,,,,,,,,,,,,,,,,,,,,,,,,,,,,
tutorial_scn004,narration,Tutorial,story,,,,dialogue_scn_narration_04,$하늘에 펼쳐진 별자리들이 있었습니다.$,$The constellations still shone in the heavens.$,tutorial_scn005,,,,,TRUE,tutorial_bg04,,,,,,,,,,,,,,,,,,,,,,,,,,,,,
tutorial_scn005,narration,Tutorial,story,,,,dialogue_scn_narration_05,"$마침내, 가장 밝게 빛나던 별이 사라지고…$","$At last, the brightest star disappeared…$",tutorial_scn006,,,,,TRUE,tutorial_bg05,,,,,,,,,,,,,,,,,,,,,,,,,,,,,
tutorial_scn006,narration,Tutorial,story,,,,dialogue_scn_narration_06,$긴 시간이 흘렀습니다…$,$And a long time passed…$,tutorial_scn007,,,,,TRUE,tutorial_bg06,,,,,,,,,,,,,,,,,,,,,,,,,,,,,
tutorial_scn007,ribby_00,Tutorial,dialogue,speaker_???,???,???,dialogue_scn_unimo_01,$…$,$…$,tutorial_scn008,,,,right,TRUE,tutorial_bgblack,,,,,,,,,,,,,,,,,,,,,,,,,,,,,
tutorial_scn008,ribby_00,Tutorial,dialogue,speaker_???,???,???,dialogue_scn_unimo_02,$헤헤헤~$,$Hehehe~$,tutorial_scn009,,,,right,TRUE,tutorial_bgblack,,,,,,,,,,,,,,,,,,,,,,,,,,,,,
tutorial_scn009,ribby_00,Tutorial,dialogue,speaker_Ribby,리비,Ribby,dialogue_scn_unimo_03,$역시~ 보람이 있는 일이야!$,$As expected~ It’s all worth it!$,tutorial_scn010,,,,right,TRUE,tutorial_bg07,,,,,,,,,,,,,,,,,,,,,,,,,,,,,
tutorial_scn010,ribby_00,Tutorial,dialogue,speaker_Ribby,리비,Ribby,dialogue_scn_unimo_04,$별나무를 돌보는 건 힘들지만…$,$Taking care of the Star Tree is tough…$,tutorial_scn011,,,,right,TRUE,tutorial_bg08,,,,,,,,,,,,,,,,,,,,,,,,,,,,,
tutorial_scn011,ribby_00,Tutorial,dialogue,speaker_Ribby,리비,Ribby,dialogue_scn_unimo_05,$나 덕분에 빛을 되찾은 별들이 이렇게나 많아졌다니!$,"$But thanks to me, so many stars have regained their light!$",tutorial_scn012,,,,right,TRUE,tutorial_bg08,,,,,,,,,,,,,,,,,,,,,,,,,,,,,
tutorial_scn012,ribby_00,Tutorial,dialogue,speaker_Ribby,리비,Ribby,dialogue_scn_unimo_06,$벌써 우주가 조금씩 반짝이는 것 같아…!$,$It feels like the universe is already starting to sparkle again…!$,tutorial_scn013,,,,right,TRUE,tutorial_bg09,,,,,,,,,,,,,,,,,,,,,,,,,,,,,
tutorial_scn013,ribby_00,Tutorial,dialogue,speaker_Ribby,리비,Ribby,dialogue_scn_unimo_07,$별나무들도 기뻐하고 있고~$,$Even the Star Trees look happy~$,tutorial_scn014,,,,right,TRUE,tutorial_bg09,,,,,,,,,,,,,,,,,,,,,,,,,,,,,
tutorial_scn014,ribby_00,Tutorial,dialogue,speaker_Ribby,리비,Ribby,dialogue_scn_unimo_08,"$좋아-! 그럼, 오늘도 새로운 별나무를 찾아 떠나 볼까?$","$Alright—! Then, shall I set off today to find a new Star Tree?$",tutorial_scn015,,,,right,TRUE,tutorial_bg10,,,,,,,,,,,,,,,,,,,,,,,,,,,,,
tutorial_scn015,ribby_00,Tutorial,dialogue,speaker_Ribby,리비,Ribby,dialogue_scn_unimo_09,$흐음…$,$Hmm…$,tutorial_scn016,,,,right,TRUE,tutorial_bg11,,,,,,,,,,,,,,,,,,,,,,,,,,,,,
tutorial_scn016,ribby_00,Tutorial,dialogue,speaker_Ribby,리비,Ribby,dialogue_scn_unimo_10,$슬슬 뭐라도 나올 때가 된 것 같은데…$,$It feels like something should be showing up soon…$,tutorial_scn017,,,,right,TRUE,tutorial_bg11,,,,,,,,,,,,,,,,,,,,,,,,,,,,,
tutorial_scn017,ribby_00,Tutorial,dialogue,speaker_Ribby,리비,Ribby,dialogue_scn_unimo_11,$여기 주변에는 우주벌레들이 하나도 보이지 않는구나.$,$There aren’t any space bugs around here at all.$,tutorial_scn018,,,,right,TRUE,tutorial_bg12,,,,,,,,,,,,,,,,,,,,,,,,,,,,,
tutorial_scn018,ribby_00,Tutorial,dialogue,speaker_Ribby,리비,Ribby,dialogue_scn_unimo_12,"$좋은 일이지만, 어쩐지 무서운걸…$","$That’s good, but somehow it’s scary…$",tutorial_scn019,,,,right,TRUE,tutorial_bg12,,,,,,,,,,,,,,,,,,,,,,,,,,,,,
tutorial_scn019,ribby_00,Tutorial,dialogue,speaker_Ribby,리비,Ribby,dialogue_scn_unimo_13,$…앗!$,$…Ah!$,tutorial_scn020,,,,right,TRUE,tutorial_bg13,,,,,,,,,,,,,,,,,,,,,,,,,,,,,
tutorial_scn020,ribby_00,Tutorial,end,speaker_Ribby,리비,Ribby,dialogue_scn_unimo_14,$저기 무언가가 있는데… 가까이 가 볼까?$,$There’s something over there… should I go closer?$,,,,,right,TRUE,tutorial_bgblack,,,,,,,,,,,,,,,,,,,,,,,,,,,,,
Quest_npc000_Start,ribby_00,Tutorial,story,,,,dialogue_game_narration_01,$석상은 눈을 감은 채 움직이지 않는다.$,$The statue stands still with its eyes closed.$,tutorial_game_01_002,,,,,FALSE,DialogueBackGround2,,,,,,,,,,,,,,,,,,,,,,,,,,,,,
tutorial_game_01_002,ribby_00,Tutorial,dialogue,speaker_Ribby,리비,Ribby,dialogue_game_unimo_01_001,"$음… 뭘까, 이 석상은?$",$Hmm… what is this statue?$,tutorial_game_01_003,,,ribby_00,right,TRUE,DialogueBackGround2,,,,,,,,,,,,,,,,,,,,,,,,,,,,,
tutorial_game_01_003,ribby_00,Tutorial,dialogue,speaker_Ribby,리비,Ribby,dialogue_game_unimo_01_002,$엄청나게 섬세하고 아름다운 조각상이네.$,$Such an incredibly delicate and beautiful sculpture.$,tutorial_game_01_004,,,ribby_00,right,TRUE,DialogueBackGround2,,,,,,,,,,,,,,,,,,,,,,,,,,,,,
tutorial_game_01_004,ribby_00,Tutorial,dialogue,speaker_Ribby,리비,Ribby,dialogue_game_unimo_01_003,$금방이라도 움직일 것 같아…$,$It looks like it could move at any moment…$,tutorial_game_01_005,,,ribby_00,right,TRUE,DialogueBackGround2,,,,,,,,,,,,,,,,,,,,,,,,,,,,,
tutorial_game_01_005,ribby_00,Tutorial,dialogue,speaker_Ribby,리비,Ribby,dialogue_game_unimo_01_004,$…으응?$,$…Huh?$,tutorial_game_01_006,,,ribby_00,right,TRUE,DialogueBackGround2,,,,,,,,,,,,,,,,,,,,,,,,,,,,,
tutorial_game_01_006,ribby_00,Tutorial,dialogue,speaker_Ribby,리비,Ribby,dialogue_game_unimo_01_005,$옆에 이상한 게 떨어져 있어.$,$There’s something strange lying next to it.$,tutorial_game_01_007,,,ribby_00,right,TRUE,DialogueBackGround2,,,,,,,,,,,,,,,,,,,,,,,,,,,,,
tutorial_game_01_007,ribby_00,Tutorial,dialogue,speaker_Ribby,리비,Ribby,dialogue_game_unimo_01_006,"$세상에, 이건... 별가루잖아?$","$Oh my, this is… stardust?$",tutorial_game_01_008,,,ribby_00,right,TRUE,DialogueBackGround2,,,,,,,,,,,,,,,,,,,,,,,,,,,,,
tutorial_game_01_008,ribby_00,Tutorial,dialogue,speaker_Ribby,리비,Ribby,dialogue_game_unimo_01_007,$조각상이 별가루에 반응하는 것 같은데!$,$The statue seems to react to the stardust!$,tutorial_game_01_009,,,ribby_00,right,TRUE,DialogueBackGround2,,,,,,,,,,,,,,,,,,,,,,,,,,,,,
tutorial_game_01_009,ribby_00,Tutorial,end,speaker_Ribby,리비,Ribby,dialogue_game_unimo_01_008,$별가루를 모아 가져다주면 석상이 잠에서 깨어날까?$,"$If I gather stardust and bring it here, will the statue awaken from its slumber?$",,,,ribby_00,right,TRUE,DialogueBackGround2,,,,,,,,,,,,,,,,,,,,,,,,,,,,,
Quest_npc000_quest_Tuto01,ribby_00,Tutorial,start,speaker_Ribby,리비,Ribby,dialogue_game_unimo_02_001,$흐음…$,$Hmm…$,tutorial_game_02_002,,,ribby_00,right,TRUE,DialogueBackGround2,,,,,,,,,,,,,,,,,,,,,,,,,,,,,
tutorial_game_02_002,ribby_00,Tutorial,dialogue,speaker_Ribby,리비,Ribby,dialogue_game_unimo_02_002,"$역시, 이 정도로는 부족하겠지?$","$As I thought, this much isn’t enough.$",tutorial_game_02_003,,,ribby_00,right,TRUE,DialogueBackGround2,,,,,,,,,,,,,,,,,,,,,,,,,,,,,
tutorial_game_02_003,ribby_00,Tutorial,end,speaker_Ribby,리비,Ribby,dialogue_game_unimo_02_003,$더 많은 별가루가 필요하겠어!$,$I’ll need more stardust!$,,,,ribby_00,right,TRUE,DialogueBackGround2,,,,,,,,,,,,,,,,,,,,,,,,,,,,,
Quest_npc000_quest_Tuto02,ribby_00,Tutorial,start,speaker_Ribby,리비,Ribby,dialogue_game_unimo_03_001,"$앗, 석상에서 빛이 난다! 깨어나려나 봐!$","$Ah, the statue is glowing! Looks like it’s about to wake up!$",tutorial_game_03_002,,,ribby_00,right,TRUE,DialogueBackGround2,,,,,,,,,,,,,,,,,,,,,,,,,,,,,
tutorial_game_03_002,ribby_00,Tutorial,end,speaker_Ribby,리비,Ribby,dialogue_game_unimo_03_002,$거의 다 된 것 같은데… 마지막으로 한번만 더…!$,$Almost there… just one more time…!$,,,,ribby_00,right,TRUE,DialogueBackGround2,,,,,,,,,,,,,,,,,,,,,,,,,,,,,
Quest_npc000_quest_Tuto03,ribby_00,Tutorial,start,speaker_Ribby,리비,Ribby,dialogue_game_unimo_04_001,"$와아, 깨어났다!$","$Wow, it woke up!$",tutorial_game_04_002,,,ribby_00,right,TRUE,DialogueBackGround2,,,,,,,,,,,,,,,,,,,,,,,,,,,,,
tutorial_game_04_002,npc000,Tutorial,dialogue,speaker_???,???,???,dialogue_game_unimo_04_002,$…$,$…$,tutorial_game_04_003,,,stella_02_06,left,TRUE,DialogueBackGround2,,,,,,,,,,,,,,,,,,,,,,,,,,,,,
tutorial_game_04_003,npc000,Tutorial,dialogue,speaker_???,???,???,dialogue_game_unimo_04_003,$하아아...$,$Haaa…$,tutorial_game_04_004,,,stella_02_07,left,TRUE,DialogueBackGround2,,,,,,,,,,,,,,,,,,,,,,,,,,,,,
tutorial_game_04_004,npc000,Tutorial,dialogue,speaker_???,???,???,dialogue_game_unimo_04_004,$…$,$…$,tutorial_game_04_005,,,stella_02_01,left,TRUE,DialogueBackGround2,,,,,,,,,,,,,,,,,,,,,,,,,,,,,
tutorial_game_04_005,npc000,Tutorial,dialogue,speaker_???,???,???,dialogue_game_unimo_04_005,$…네가 날 깨워줬구나.$,$…You’re the one who woke me.$,tutorial_game_04_006,,,stella_02_04,left,TRUE,DialogueBackGround2,,,,,,,,,,,,,,,,,,,,,,,,,,,,,
tutorial_game_04_006,npc000,Tutorial,dialogue,speaker_???,???,???,dialogue_game_unimo_04_006,$너무 오랜만이네…$,$It’s been so long…$,tutorial_game_04_007,,,stella_02_06,left,TRUE,DialogueBackGround2,,,,,,,,,,,,,,,,,,,,,,,,,,,,,
tutorial_game_04_007,npc000,Tutorial,dialogue,speaker_???,???,???,dialogue_game_unimo_04_007,"$정말 고마워, 네 이름은 뭐니?$",$Thank you so much. What’s your name?$,tutorial_game_04_008,,,stella_02_02,left,TRUE,DialogueBackGround2,,,,,,,,,,,,,,,,,,,,,,,,,,,,,
tutorial_game_04_008,ribby_00,Tutorial,dialogue,speaker_Ribby,리비,Ribby,dialogue_game_unimo_04_008,$안녕하세요! 제 이름은 리비에요.$,$Hello! My name is Ribby.$,tutorial_game_04_009,,,ribby_00,right,TRUE,DialogueBackGround2,,,,,,,,,,,,,,,,,,,,,,,,,,,,,
tutorial_game_04_009,npc000,Tutorial,dialogue,speaker_???,???,???,dialogue_game_unimo_04_009,"$안녕, 리비. 멋진 이름이네.$","$Hello, Ribby. That’s a wonderful name.$",tutorial_game_04_010,,,stella_02_02,left,TRUE,DialogueBackGround2,,,,,,,,,,,,,,,,,,,,,,,,,,,,,
tutorial_game_04_010,npc000,Tutorial,dialogue,speaker_???,???,???,dialogue_game_unimo_04_010,$별가루를 가지고 나를 깨워준 거지?$,"$You used stardust to awaken me, didn’t you?$",tutorial_game_04_011,,,stella_02_02,left,TRUE,DialogueBackGround2,,,,,,,,,,,,,,,,,,,,,,,,,,,,,
tutorial_game_04_011,npc000,Tutorial,dialogue,speaker_???,???,???,dialogue_game_unimo_04_011,$다른 별자리들도 그렇게 깨운 거야?$,$Did you awaken the other constellations the same way?$,tutorial_game_04_012,,,stella_02_01,left,TRUE,DialogueBackGround2,,,,,,,,,,,,,,,,,,,,,,,,,,,,,
tutorial_game_04_012,ribby_00,Tutorial,dialogue,speaker_Ribby,리비,Ribby,dialogue_game_unimo_04_012,$어… 사실은 어떻게 된 일인지 잘 모르겠어요.$,"$Uh… actually, I’m not quite sure what happened.$",tutorial_game_04_013,,,ribby_00,right,TRUE,DialogueBackGround2,,,,,,,,,,,,,,,,,,,,,,,,,,,,,
tutorial_game_04_013,ribby_00,Tutorial,dialogue,speaker_Ribby,리비,Ribby,dialogue_game_unimo_04_013,$저는 방금 이곳에 왔거든요.$,$I just arrived here.$,tutorial_game_04_014,,,ribby_00,right,TRUE,DialogueBackGround2,,,,,,,,,,,,,,,,,,,,,,,,,,,,,
tutorial_game_04_014,ribby_00,Tutorial,dialogue,speaker_Ribby,리비,Ribby,dialogue_game_unimo_04_014,$우주의 빛을 되찾기 위해 여행을 하던 중이었어요.$,$I was traveling to restore the light of the universe.$,tutorial_game_04_015,,,ribby_00,right,TRUE,DialogueBackGround2,,,,,,,,,,,,,,,,,,,,,,,,,,,,,
tutorial_game_04_015,npc000,Tutorial,dialogue,speaker_???,???,???,dialogue_game_unimo_04_015,"$오, 이런… 미안해, 내가 정신이 없었네.$","$Oh, I see… Forgive me, I was a bit out of it.$",tutorial_game_04_016,,,stella_02_11,left,TRUE,DialogueBackGround2,,,,,,,,,,,,,,,,,,,,,,,,,,,,,
tutorial_game_04_016,npc000,Tutorial,dialogue,speaker_???,???,???,dialogue_game_unimo_04_016,$에헴…$,$Ahem…$,tutorial_game_04_017,,,stella_02_06,left,TRUE,DialogueBackGround2,,,,,,,,,,,,,,,,,,,,,,,,,,,,,
tutorial_game_04_017,npc000,Tutorial,dialogue,speaker_zodiac stella,별자리,zodiac stella,dialogue_game_unimo_04_017,$나는 '별자리'라고 해. 우주의 별들을 이어 하늘을 빛내는 존재들이지.$,$I am a “Constellation.” We are beings who connect the stars of the universe to light up the heavens.$,tutorial_game_04_018,,,stella_02_01,left,TRUE,DialogueBackGround2,,,,,,,,,,,,,,,,,,,,,,,,,,,,,
tutorial_game_04_018,npc000,Tutorial,dialogue,speaker_zodiac stella,별자리,zodiac stella,dialogue_game_unimo_04_018,"$온 우주가 어둠에 잠긴 뒤로, 줄곧 깊은 잠에 빠져 있었어.$","$Ever since the universe was swallowed by darkness, I had been in a deep slumber.$",tutorial_game_04_019,,,stella_02_02,left,TRUE,DialogueBackGround2,,,,,,,,,,,,,,,,,,,,,,,,,,,,,
tutorial_game_04_019,ribby_00,Tutorial,dialogue,speaker_Ribby,리비,Ribby,dialogue_game_unimo_04_019,"$이럴 수가, 내가 우주의 신들을 만나게 되다니!$","$Unbelievable, I’ve come to meet the gods of the universe!$",tutorial_game_04_020,,,ribby_00,right,TRUE,DialogueBackGround2,,,,,,,,,,,,,,,,,,,,,,,,,,,,,
tutorial_game_04_020,npc000,Tutorial,dialogue,speaker_zodiac stella,별자리,zodiac stella,dialogue_game_unimo_04_020,$아하하하! 무엇이든 할 수 있는 신 같은 건 아니야~$,$Ahahaha! I’m not some almighty god who can do everything~$,tutorial_game_04_021,,,stella_02_05,left,TRUE,DialogueBackGround2,,,,,,,,,,,,,,,,,,,,,,,,,,,,,
tutorial_game_04_021,npc000,Tutorial,dialogue,speaker_zodiac stella,별자리,zodiac stella,dialogue_game_unimo_04_021,"$그나저나, 나 말고도 다른 별자리들이 많이 있거든.$","$Anyway, there are many other constellations besides me.$",tutorial_game_04_022,,,stella_02_02,left,TRUE,DialogueBackGround2,,,,,,,,,,,,,,,,,,,,,,,,,,,,,
tutorial_game_04_022,npc000,Tutorial,dialogue,speaker_zodiac stella,별자리,zodiac stella,dialogue_game_unimo_04_022,"$잠에서 깨어난 지 얼마 되지 않아서 그런가, 다들 잘 있는지 확인할 수가 없네.$","$Perhaps because I just woke up, I can’t tell how they’re doing.$",tutorial_game_04_023,,,stella_02_01,left,TRUE,DialogueBackGround2,,,,,,,,,,,,,,,,,,,,,,,,,,,,,
tutorial_game_04_023,ribby_00,Tutorial,dialogue,speaker_Ribby,리비,Ribby,dialogue_game_unimo_04_023,$제가 도와드릴게요!$,$I’ll help you!$,tutorial_game_04_024,,,ribby_00,right,TRUE,DialogueBackGround2,,,,,,,,,,,,,,,,,,,,,,,,,,,,,
tutorial_game_04_024,ribby_00,Tutorial,end,speaker_Ribby,리비,Ribby,dialogue_game_unimo_04_024,$우주의 빛을 되찾기 위해서라면 뭐든지 할 수 있어요!$,"$If it’s to restore the light of the universe, I can do anything!$",,,,ribby_00,right,TRUE,DialogueBackGround2,,,,,,,,,,,,,,,,,,,,,,,,,,,,,
Normal_TutoDialog_001,npc000,Tutorial,dialogue,speaker_zodiac stella,별자리,zodiac stella,dialogue_game_unimo_04_025,"$이것 참, 너무 도움만 받는 것 같은데.$","$Well, it feels like I’ve been receiving too much help.$  ",Normal_TutoDialog_002,,,stella_02_03,left,TRUE,DialogueBackGround2,,,,,,,,,,,,,,,,,,,,,,,,,,,,,
Normal_TutoDialog_002,npc000,Tutorial,dialogue,speaker_zodiac stella,별자리,zodiac stella,dialogue_game_unimo_04_025,$우리를 도와주는 것에 대한 작은 보답으로… 나의 힘을 전해 줄게.$,$As a small token of gratitude for helping us… I’ll share my strength with you.$ ,tutorial_game_04_026_Upgrade,,,stella_02_03,left,TRUE,DialogueBackGround2,,,,,,,,,,,,,,,,,,,,,,,,,,,,,
tutorial_game_04_026_Upgrade,ribby_00,Tutorial,end,speaker_Ribby,리비,Ribby,dialogue_game_unimo_04_024,$별자리 님의... 특별한 능력?$,$The constellation’s… special ability?$,,,,ribby_00,right,TRUE,DialogueBackGround2,,,,,,,,,,,,,,,,,,,,,,,,,,,,,
tutorial_End,npc000,Tutorial,start,speaker_zodiac stella,별자리,zodiac stella,dialogue_game_unimo_04_026,"$아아, 이 별가루는… '별꽃' 이구나. 그리운 향인 걸.$","$Ahh, this stardust… it’s a ‘starflower.’ Such a nostalgic scent.$",tutorial_game_04_028,,,stella_02_06,left,TRUE,DialogueBackGround2,,,,,,,,,,,,,,,,,,,,,,,,,,,,,
tutorial_game_04_028,npc000,Tutorial,dialogue,speaker_zodiac stella,별자리,zodiac stella,dialogue_game_unimo_04_026,$나 뿐만 아니라 다른 별자리들도 별가루가 필요할거야.$,$Not just me—other constellations will need stardust too.$,tutorial_game_04_029,,,stella_02_01,left,TRUE,DialogueBackGround2,,,,,,,,,,,,,,,,,,,,,,,,,,,,,
tutorial_game_04_029,npc000,Tutorial,dialogue,speaker_zodiac stella,별자리,zodiac stella,dialogue_game_unimo_04_026,"$내 옆에 있는 망원경을 사용하면, 다른 곳으로 이동할 수 있을 거야.$","$If you use the telescope next to me, you’ll be able to move to another place.$",tutorial_game_04_030,,,stella_02_02,left,TRUE,DialogueBackGround2,,,,,,,,,,,,,,,,,,,,,,,,,,,,,
tutorial_game_04_030,npc000,Tutorial,end,speaker_zodiac stella,별자리,zodiac stella,dialogue_game_unimo_04_027,$우리를 도와줘서 정말로 고마워.$,$Thank you so much for helping us.$,,,,stella_02_06,left,TRUE,DialogueBackGround2,,,,,,,,,,,,,,,,,,,,,,,,,,,,,
Normal_npc001_quest0001,npc001,Stage01,startchoice,speaker_Chryso,크리소,Chryso,dialogue_Normal_npc001_quest0001,"$환영하네, 친구. 하고싶은 말이 있나?$","$Welcome, my friend. Do you have something you’d like to say?$",,,,stella_01_01,left,TRUE,DialogueBackGround2,,,,,,,$자기소개$,$자기소개$,$Self-introduction$,Normal_npc001_quest0001_01_01,$궁금한 것이 있어요.$,$궁금한 것이 있어요.$,$I have a question.$,Normal_npc001_quest0002_02_01,"$똑, 똑. 실례합니다.$","$똑, 똑. 실례합니다.$","$Knock, knock. Excuse me.$",Normal_npc001_quest0005_01,$대화를 그만두기$,$대화를 그만두기$,$End conversation$,end,quest_cleared:quest0001,quest_cleared:quest0005,,,,,
Normal_npc001_quest0001_01_01,npc001,Stage01,dialogue,speaker_Chryso,크리소,Chryso,dialogue_Normal_npc001_quest0001_01_01,$좋아! 다시 한 번 소개하마.$,$Good! Let me introduce myself once more.$,Normal_npc001_quest0001_01_02,,,stella_01_01,left,TRUE,DialogueBackGround2,,,,,,,,,,,,,,,,,,,,,,,,,,,,,
Normal_npc001_quest0001_01_02,npc001,Stage01,dialogue,speaker_Chryso,크리소,Chryso,dialogue_Normal_npc001_quest0001_01_02,"$나는 하늘의 별들을 잇는 별자리, 그 중에서도 '양'을 상징하는 크리소라고 한다!$","$I am Chryso, the constellation that connects the stars of the sky, symbolizing the Ram!$",Normal_npc001_quest0001_01_03,,,stella_01_01,left,TRUE,DialogueBackGround2,,,,,,,,,,,,,,,,,,,,,,,,,,,,,
Normal_npc001_quest0001_01_03,npc001,Stage01,dialogue,speaker_Chryso,크리소,Chryso,dialogue_Normal_npc001_quest0001_01_03,"$어느 순간부터인지 다들 오랫동안 잠들어 있었는데, 네 덕분에 살아났지.$","$For some time, we had all been asleep, but thanks to you, I have awakened.$",Normal_npc001_quest0001_01_04,,,stella_01_04,left,TRUE,DialogueBackGround2,,,,,,,,,,,,,,,,,,,,,,,,,,,,,
Normal_npc001_quest0001_01_04,npc001,Stage01,dialogue,speaker_Chryso,크리소,Chryso,dialogue_Normal_npc001_quest0001_01_04,$엄청나게 심심했어… 그리고 배고팠다고!!$,$I was unbelievably bored… and hungry!!$,Normal_npc001_quest0001_01_05,,,stella_01_03,left,TRUE,DialogueBackGround2,,,,,,,,,,,,,,,,,,,,,,,,,,,,,
Normal_npc001_quest0001_01_05,npc001,Stage01,dialogue,speaker_Chryso,크리소,Chryso,dialogue_Normal_npc001_quest0001_01_05,"$별가루만 있다면, 우리들이 힘이 곧 돌아오게 될 거야.$","$As long as we have stardust, our strength will soon return.$",Normal_npc001_quest0001,,,stella_01_01,left,TRUE,DialogueBackGround2,,,,,,,,,,,,,,,,,,,,,,,,,,,,,
Normal_npc001_quest0002,npc001,Stage01,startchoice,speaker_Chryso,크리소,Chryso,dialogue_Normal_npc001_quest0002,"$환영하네, 친구. 하고싶은 말이 있나?$","$Welcome, my friend. Do you have something you’d like to say?$",,,,stella_01_01,left,TRUE,DialogueBackGround2,,,,,,,$자기소개$,$자기소개$,$Self-introduction$,Normal_npc001_quest0001_01_01,$궁금한 것이 있어요.$,$궁금한 것이 있어요.$,$I have a question.$,Normal_npc001_quest0002_02_01,"$똑, 똑. 실례합니다.$","$똑, 똑. 실례합니다.$","$Knock, knock. Excuse me.$",Normal_npc001_quest0005_01,$대화를 그만두기$,$대화를 그만두기$,$End conversation$,end,quest_cleared:quest0001,quest_cleared:quest0005,,,,,
Normal_npc001_quest0002_02_01,npc001,Stage01,choice,speaker_Chryso,크리소,Chryso,dialogue_Normal_npc001_quest0002_02_01,"$오냐, 궁금한 것이 있다면 무엇이든 물어보도록!!$","$Alright, if you’re curious about something, ask anything!!$",,,,stella_01_08,left,TRUE,DialogueBackGround2,,,,,,,$별가루가 무엇인가요?$,$별가루가 무엇인가요?$,$What is stardust?$,Normal_npc001_quest0002_02_01_01,$원하는 것이 바뀌는 이유가 있나요?$,$원하는 것이 바뀌는 이유가 있나요?$,$Why do your desires change?$,Normal_npc001_quest0003_02_02_01,$다른 별자리들에 대해 알려주세요.$,$다른 별자리들에 대해 알려주세요.$,$Please tell me about the other constellations.$,Normal_npc001_quest0004_03_01,$돌아가기$,$돌아가기$,$Go back$,Normal_npc001_quest0001,quest_cleared:quest0002,quest_cleared:quest0003,,,,,
Normal_npc001_quest0002_02_02,npc001,Stage01,choice,speaker_Chryso,크리소,Chryso,dialogue_Normal_npc001_quest0002_02_02,$더 궁금한 것이 있나?$,$Is there anything else you want to know?$,,,,stella_01_08,left,TRUE,DialogueBackGround2,,,,,,,$별가루가 무엇인가요?$,$별가루가 무엇인가요?$,$What is stardust?$,Normal_npc001_quest0002_02_01_01,$원하는 것이 바뀌는 이유가 있나요?$,$원하는 것이 바뀌는 이유가 있나요?$,$Why do your desires change?$,Normal_npc001_quest0003_02_02_01,$다른 별자리들에 대해 알려주세요.$,$다른 별자리들에 대해 알려주세요.$,$Please tell me about the other constellations.$,Normal_npc001_quest0004_03_01,$돌아가기$,$돌아가기$,$Go back$,Normal_npc001_quest0001,quest_cleared:quest0002,quest_cleared:quest0003,,,,,
Normal_npc001_quest0002_02_01_01,npc001,Stage01,dialogue,speaker_Chryso,크리소,Chryso,dialogue_Normal_npc001_quest0002_02_01_01,"$음, 별가루란 말이지. 우리 별자리들에게 꼭 필요한 것이야.$","$Hmm, stardust you say. It’s something essential for us constellations.$",Normal_npc001_quest0002_02_01_02,,,stella_01_07,left,TRUE,DialogueBackGround2,,,,,,,,,,,,,,,,,,,,,,,,,,,,,
Normal_npc001_quest0002_02_01_02,npc001,Stage01,dialogue,speaker_Chryso,크리소,Chryso,dialogue_Normal_npc001_quest0002_02_01_02,"$꿀벌이 꽃의 꿀을 모아 살아가듯, 우리도 별가루를 모아야만 하지.$","$Just as bees gather nectar from flowers to live, we too must gather stardust.$",Normal_npc001_quest0002_02_01_03,,,stella_01_07,left,TRUE,DialogueBackGround2,,,,,,,,,,,,,,,,,,,,,,,,,,,,,
Normal_npc001_quest0002_02_01_03,npc001,Stage01,dialogue,speaker_Chryso,크리소,Chryso,dialogue_Normal_npc001_quest0002_02_01_03,$그리고 무엇보다…$,$And above all…$,Normal_npc001_quest0002_02_01_04,,,stella_01_04,left,TRUE,DialogueBackGround2,,,,,,,,,,,,,,,,,,,,,,,,,,,,,
Normal_npc001_quest0002_02_01_04,npc001,Stage01,dialogue,speaker_Chryso,크리소,Chryso,dialogue_Normal_npc001_quest0002_02_01_04,$맛있어!!!$,$It’s delicious!!!$,Normal_npc001_quest0002_02_01_05,,,stella_01_09,left,TRUE,DialogueBackGround2,,,,,,,,,,,,,,,,,,,,,,,,,,,,,
Normal_npc001_quest0002_02_01_05,npc001,Stage01,dialogue,speaker_Chryso,크리소,Chryso,dialogue_Normal_npc001_quest0002_02_01_05,"$그러니까 내 말은... 이걸 먹는 건 아닌데, 음, 역시 설명하기가 어렵군.$","$What I mean is… we don’t actually eat it, um, it’s just hard to explain.$",Normal_npc001_quest0002_02_02,,,stella_01_07,left,TRUE,DialogueBackGround2,,,,,,,,,,,,,,,,,,,,,,,,,,,,,
Normal_npc001_quest0003,npc001,Stage01,startchoice,speaker_Chryso,크리소,Chryso,dialogue_Normal_npc001_quest0003,"$환영하네, 친구. 하고싶은 말이 있나?$","$Welcome, my friend. Do you have something you’d like to say?$",,,,stella_01_01,left,TRUE,DialogueBackGround2,,,,,,,$자기소개$,$자기소개$,$Self-introduction$,Normal_npc001_quest0001_01_01,$궁금한 것이 있어요.$,$궁금한 것이 있어요.$,$I have a question.$,Normal_npc001_quest0002_02_01,"$똑, 똑. 실례합니다.$","$똑, 똑. 실례합니다.$","$Knock, knock. Excuse me.$",Normal_npc001_quest0005_01,$대화를 그만두기$,$대화를 그만두기$,$End conversation$,end,quest_cleared:quest0001,quest_cleared:quest0005,,,,,
Normal_npc001_quest0003_02_02_01,npc001,Stage01,dialogue,speaker_Chryso,크리소,Chryso,dialogue_Normal_npc001_quest0003_02_02_01,$그야 뻔한 이야기지! 너는 매 끼니마다 감자만 먹으며 살 수 있나?$,"$Well, isn’t it obvious! Could you live eating only potatoes every meal?$",Normal_npc001_quest0003_02_02_02,,,stella_01_09,left,TRUE,DialogueBackGround2,,,,,,,,,,,,,,,,,,,,,,,,,,,,,
Normal_npc001_quest0003_02_02_02,npc001,Stage01,dialogue,speaker_Chryso,크리소,Chryso,dialogue_Normal_npc001_quest0003_02_02_02,"$감자볶음, 감자탕, 감자튀김, 감자구이, 감자조림, 감자스튜, 삶은 감자, 회오리 감자…$","$Stir-fried potatoes, potato stew, potato fries, baked potatoes, braised potatoes, potato soup, boiled potatoes, tornado potatoes…$",Normal_npc001_quest0003_02_02_03,,,stella_01_08,left,TRUE,DialogueBackGround2,,,,,,,,,,,,,,,,,,,,,,,,,,,,,
Normal_npc001_quest0003_02_02_03,npc001,Stage01,dialogue,speaker_Chryso,크리소,Chryso,dialogue_Normal_npc001_quest0003_02_02_03,$의문을 갖는 것 자체가 말이 안 되는 거지!!!$,$It doesn’t even make sense to question it!!!$,Normal_npc001_quest0003_02_02_04,,,stella_01_10,left,TRUE,DialogueBackGround2,,,,,,,,,,,,,,,,,,,,,,,,,,,,,
Normal_npc001_quest0003_02_02_04,npc001,Stage01,dialogue,speaker_Chryso,크리소,Chryso,dialogue_Normal_npc001_quest0003_02_02_04,$잠깐만…$,$Wait a moment…$,Normal_npc001_quest0003_02_02_05,,,stella_01_07,left,TRUE,DialogueBackGround2,,,,,,,,,,,,,,,,,,,,,,,,,,,,,
Normal_npc001_quest0003_02_02_05,npc001,Stage01,dialogue,speaker_Chryso,크리소,Chryso,dialogue_Normal_npc001_quest0003_02_02_05,"$자꾸 음식처럼 이야기하니 오해할까봐 하는 말인데, 별가루는 먹는 게 아니야.$","$Since I keep talking about it like food, I should clarify—stardust isn’t something you eat.$",Normal_npc001_quest0003_02_02_06,,,stella_01_02,left,TRUE,DialogueBackGround2,,,,,,,,,,,,,,,,,,,,,,,,,,,,,
Normal_npc001_quest0003_02_02_06,npc001,Stage01,dialogue,speaker_Chryso,크리소,Chryso,dialogue_Normal_npc001_quest0003_02_02_06,"$...크흠, 흠$","$…Ahem, hem.$",Normal_npc001_quest0002_02_02,,,stella_01_06,left,TRUE,DialogueBackGround2,,,,,,,,,,,,,,,,,,,,,,,,,,,,,
Normal_npc001_quest0004,npc001,Stage01,startchoice,speaker_Chryso,크리소,Chryso,dialogue_Normal_npc001_quest0004,"$환영하네, 친구. 하고싶은 말이 있나?$","$Welcome, my friend. Do you have something you’d like to say?$",,,,stella_01_01,left,TRUE,DialogueBackGround2,,,,,,,$자기소개$,$자기소개$,$Self-introduction$,Normal_npc001_quest0001_01_01,$궁금한 것이 있어요.$,$궁금한 것이 있어요.$,$I have a question.$,Normal_npc001_quest0002_02_01,"$똑, 똑. 실례합니다.$","$똑, 똑. 실례합니다.$","$Knock, knock. Excuse me.$",Normal_npc001_quest0005_01,$대화를 그만두기$,$대화를 그만두기$,$End conversation$,end,quest_cleared:quest0001,quest_cleared:quest0005,,,,,
Normal_npc001_quest0004_Clear,npc001,Stage01,startchoice,speaker_Chryso,크리소,Chryso,dialogue_Normal_npc001_quest0004_Clear,"$환영하네, 친구. 하고싶은 말이 있나?$","$Welcome, my friend. Do you have something you’d like to say?$",,,,stella_01_01,left,TRUE,DialogueBackGround2,,,,,,,$자기소개$,$자기소개$,$Self-introduction$,Normal_npc001_quest0001_01_01,$궁금한 것이 있어요.$,$궁금한 것이 있어요.$,$I have a question.$,Normal_npc001_quest0002_02_01,"$똑, 똑. 실례합니다.$","$똑, 똑. 실례합니다.$","$Knock, knock. Excuse me.$",Normal_npc001_quest0005_01,$대화를 그만두기$,$대화를 그만두기$,$End conversation$,end,quest_cleared:quest0001,quest_cleared:quest0005,,,,,
Normal_npc001_quest0004_03_01,npc001,Stage01,dialogue,speaker_Chryso,크리소,Chryso,dialogue_Normal_npc001_quest0004_03_01,$우리 별자리들은 열두 명의 형제들이야.$,$We constellations are twelve siblings.$,Normal_npc001_quest0004_03_02,,,stella_01_01,left,TRUE,DialogueBackGround2,,,,,,,,,,,,,,,,,,,,,,,,,,,,,
Normal_npc001_quest0004_03_02,npc001,Stage01,dialogue,speaker_Chryso,크리소,Chryso,dialogue_Normal_npc001_quest0004_03_02,"$비록 친형제자매는 아니지만, 아주 오랜 옛날부터 함께 해 온 끈끈한 사이지.$","$Though not blood-related, we’ve been bound together since ancient times.$",Normal_npc001_quest0004_03_03,,,stella_01_01,left,TRUE,DialogueBackGround2,,,,,,,,,,,,,,,,,,,,,,,,,,,,,
Normal_npc001_quest0004_03_03,npc001,Stage01,dialogue,speaker_Chryso,크리소,Chryso,dialogue_Normal_npc001_quest0004_03_03,"$뭐어, 다들 성격이 너무나도 달라서 때떄로 치고받고 싸우기도 하는 모양인데…$","$Well, our personalities are so different that sometimes we clash and fight…$",Normal_npc001_quest0004_03_04,,,stella_01_04,left,TRUE,DialogueBackGround2,,,,,,,,,,,,,,,,,,,,,,,,,,,,,
Normal_npc001_quest0004_03_04,npc001,Stage01,dialogue,speaker_Chryso,크리소,Chryso,dialogue_Normal_npc001_quest0004_03_04,$그래도 서로가 서로에게 가장 가깝고 소중한 존재라는 사실에는 변함이 없지.$,"$Still, the fact that we are the closest and dearest to one another never changes.$",Normal_npc001_quest0004_03_01_00,,,stella_01_03,left,TRUE,DialogueBackGround2,,,,,,,,,,,,,,,,,,,,,,,,,,,,,
Normal_npc001_quest0004_03_01_00,npc001,Stage01,choice,speaker_Chryso,크리소,Chryso,dialogue_Normal_npc001_quest0004_03_01_00,$...$,$...$,,,,stella_01_01,left,TRUE,DialogueBackGround2,,,,,,,$성격이 그렇게나 다른가요?$,$성격이 그렇게나 다른가요?$,$Are their personalities really that different?$,Normal_npc001_quest0004_03_01_01,$다음으로 만날 별자리는 누구일까요?$,$다음으로 만날 별자리는 누구일까요?$,$Which constellation will I meet next?$,Normal_npc001_quest0004_03_02_01,$별자리 중 누가 제일 강한가요?$,$별자리 중 누가 제일 강한가요?$,$Which constellation is the strongest?$,Normal_npc001_quest0004_03_03_01,$돌아가기$,$돌아가기$,$Go back$,Normal_npc001_quest0002_02_02,quest_cleared:quest0003,quest_cleared:quest0004,,,,,
Normal_npc001_quest0004_03_01_01,npc001,Stage01,dialogue,speaker_Chryso,크리소,Chryso,dialogue_Normal_npc001_quest0004_03_01_01,$그야말로 저 우주의 끝과 끝 차이라고 할 수 있다.$,$It’s like the difference between one end of the universe and the other.$,Normal_npc001_quest0004_03_01_02,,,stella_01_06,left,TRUE,DialogueBackGround2,,,,,,,,,,,,,,,,,,,,,,,,,,,,,
Normal_npc001_quest0004_03_01_02,npc001,Stage01,dialogue,speaker_Chryso,크리소,Chryso,dialogue_Normal_npc001_quest0004_03_01_02,$쌍둥이 형제만 해도 둘의 성격이 정 반대라고! 생긴 건 똑같은데 말이야.$,$Even the twin brothers have completely opposite personalities! Though they look exactly alike.$,Normal_npc001_quest0004_03_01_03,,,stella_01_09,left,TRUE,DialogueBackGround2,,,,,,,,,,,,,,,,,,,,,,,,,,,,,
Normal_npc001_quest0004_03_01_03,npc001,Stage01,dialogue,speaker_Chryso,크리소,Chryso,dialogue_Normal_npc001_quest0004_03_01_03,$그리고… 가니메데! 그 녀석은 아주 콧대가 높지. 엄청 잘나셨다고.$,$And… Ganymede! That fellow is incredibly proud. Thinks he’s the greatest.$,Normal_npc001_quest0004_03_01_04,,,stella_01_03,left,TRUE,DialogueBackGround2,,,,,,,,,,,,,,,,,,,,,,,,,,,,,
Normal_npc001_quest0004_03_01_04,npc001,Stage01,dialogue,speaker_Chryso,크리소,Chryso,dialogue_Normal_npc001_quest0004_03_01_04,$이오는 몸 하나 두 명이 들어있는 것 같아. 성격이 아주 불 같지.$,$Io feels like two people in one body. A fiery personality indeed.$,Normal_npc001_quest0004_03_01_05,,,stella_01_08,left,TRUE,DialogueBackGround2,,,,,,,,,,,,,,,,,,,,,,,,,,,,,
Normal_npc001_quest0004_03_01_05,npc001,Stage01,dialogue,speaker_Chryso,크리소,Chryso,dialogue_Normal_npc001_quest0004_03_01_05,"$또, 아스트라는 평소에 무슨 생각을 하면서 사는 지 도통 알 수가 없단 말이지…$",$Then Astra… it’s impossible to figure out what he’s thinking most of the time…$,Normal_npc001_quest0004_03_01_06,,,stella_01_04,left,TRUE,DialogueBackGround2,,,,,,,,,,,,,,,,,,,,,,,,,,,,,
Normal_npc001_quest0004_03_01_06,npc001,Stage01,dialogue,speaker_Chryso,크리소,Chryso,dialogue_Normal_npc001_quest0004_03_01_06,$(크리소는 그 뒤로도 한참이나 두서없이 설명했다.)$,$(Chryso went on rambling for quite a while.)$,Normal_npc001_quest0004_03_01_00,,,,left,TRUE,DialogueBackGround2,,,,,,,,,,,,,,,,,,,,,,,,,,,,,
Normal_npc001_quest0004_03_02_01,npc001,Stage01,dialogue,speaker_Chryso,크리소,Chryso,dialogue_Normal_npc001_quest0004_03_02_01,"$그래, 그래. 여기서 계속 나에게 별가루를 만들어 주는 것도 좋겠지만!$","$Well, well. Staying here and making stardust for me is good, but!$",Normal_npc001_quest0004_03_02_02,,,stella_01_03,left,TRUE,DialogueBackGround2,,,,,,,,,,,,,,,,,,,,,,,,,,,,,
Normal_npc001_quest0004_03_02_02,npc001,Stage01,dialogue,speaker_Chryso,크리소,Chryso,dialogue_Normal_npc001_quest0004_03_02_02,$...다른 별자리들도 도움이 필요하니까 말이야.$,$...The other constellations need help too.$,Normal_npc001_quest0004_03_02_03,,,stella_01_05,left,TRUE,DialogueBackGround2,,,,,,,,,,,,,,,,,,,,,,,,,,,,,
Normal_npc001_quest0004_03_02_03,npc001,Stage01,dialogue,speaker_Chryso,크리소,Chryso,dialogue_Normal_npc001_quest0004_03_02_03,$여기서 가장 가까이 있는 별자리는 황소별자리 이오.$,"$The closest constellation from here is Io, the Bull.$",Normal_npc001_quest0004_03_02_04,,,stella_01_01,left,TRUE,DialogueBackGround2,,,,,,,,,,,,,,,,,,,,,,,,,,,,,
Normal_npc001_quest0004_03_02_04,npc001,Stage01,dialogue,speaker_Chryso,크리소,Chryso,dialogue_Normal_npc001_quest0004_03_02_04,$나랑은 다르게 무시무시한 녀석이니까 마음 단단히 먹으라고.$,"$Unlike me, he’s a fearsome one, so steel yourself.$",Normal_npc001_quest0004_03_01_00,,,stella_01_01,left,TRUE,DialogueBackGround2,,,,,,,,,,,,,,,,,,,,,,,,,,,,,
Normal_npc001_quest0004_03_03_01,npc001,Stage01,dialogue,speaker_Chryso,크리소,Chryso,dialogue_Normal_npc001_quest0004_03_03_01,"$으, 으응…? 글쎄…$","$Uh, uh…? Hmm…$",Normal_npc001_quest0004_03_03_02,,,stella_01_08,left,TRUE,DialogueBackGround2,,,,,,,,,,,,,,,,,,,,,,,,,,,,,
Normal_npc001_quest0004_03_03_02,npc001,Stage01,dialogue,speaker_Chryso,크리소,Chryso,dialogue_Normal_npc001_quest0004_03_03_02,$그런 건 한번도 생각해 본 적이 없는데.$,$I’ve never really thought about that.$,Normal_npc001_quest0004_03_03_03,,,stella_01_02,left,TRUE,DialogueBackGround2,,,,,,,,,,,,,,,,,,,,,,,,,,,,,
Normal_npc001_quest0004_03_03_03,npc001,Stage01,dialogue,speaker_Chryso,크리소,Chryso,dialogue_Normal_npc001_quest0004_03_03_03,$으음...$,$Umm…$,Normal_npc001_quest0004_03_03_04,,,stella_01_06,left,TRUE,DialogueBackGround2,,,,,,,,,,,,,,,,,,,,,,,,,,,,,
Normal_npc001_quest0004_03_03_04,npc001,Stage01,dialogue,speaker_Chryso,크리소,Chryso,dialogue_Normal_npc001_quest0004_03_03_04,$…$,$…$,Normal_npc001_quest0004_03_03_05,,,stella_01_06,left,TRUE,DialogueBackGround2,,,,,,,,,,,,,,,,,,,,,,,,,,,,,
Normal_npc001_quest0004_03_03_05,npc001,Stage01,dialogue,speaker_Chryso,크리소,Chryso,dialogue_Normal_npc001_quest0004_03_03_05,$내가 제일 쎌 걸?!$,$Maybe I’m the strongest?!$,Normal_npc001_quest0004_03_03_06,,,stella_01_10,left,TRUE,DialogueBackGround2,,,,,,,,,,,,,,,,,,,,,,,,,,,,,
Normal_npc001_quest0004_03_03_06,npc001,Stage01,dialogue,speaker_Chryso,크리소,Chryso,dialogue_Normal_npc001_quest0004_03_03_06,"$아닌가? 아니, 아니다. 아까 한 말은 취소. 이오가 가장 강할 거다.$","$Or not? No, no. Forget I said that. Io must be the strongest.$",Normal_npc001_quest0004_03_03_07,,,stella_01_09,left,TRUE,DialogueBackGround2,,,,,,,,,,,,,,,,,,,,,,,,,,,,,
Normal_npc001_quest0004_03_03_07,npc001,Stage01,dialogue,speaker_Chryso,크리소,Chryso,dialogue_Normal_npc001_quest0004_03_03_07,$이오는 맨주먹 단 한 방으로 사람을 죽일 수 있거든.$,$Io could kill a man with just one bare-fisted punch.$,Normal_npc001_quest0004_03_01_00,,,stella_01_02,left,TRUE,DialogueBackGround2,,,,,,,,,,,,,,,,,,,,,,,,,,,,,
Normal_npc001_quest0005,npc001,Stage01,startchoice,speaker_Chryso,크리소,Chryso,,"$환영하네, 친구. 하고싶은 말이 있나?$","$Welcome, my friend. Do you have something you’d like to say?$",,,,stella_01_01,left,TRUE,DialogueBackGround2,,,,,,,$자기소개$,$자기소개$,$Self-introduction$,Normal_npc001_quest0001_01_01,$궁금한 것이 있어요.$,$궁금한 것이 있어요.$,$I have a question.$,Normal_npc001_quest0002_02_01,"$똑, 똑. 실례합니다.$","$똑, 똑. 실례합니다.$",,Normal_npc001_quest0005_01,$대화를 그만두기$,$대화를 그만두기$,$End conversation$,end,quest_cleared:quest0001,quest_cleared:quest0005,,,,,
Normal_npc001_quest0005_01,npc001,Stage01,dialogue,speaker_Chryso,크리소,Chryso,dialogue_Normal_npc001_quest0005_01,"$오, 무슨 일이지? 요즘 들어 바쁜 거 아니었나?$","$Oh, what is it? Haven’t you been busy lately?$",Normal_npc001_quest0005_02,,,stella_01_03,left,TRUE,DialogueBackGround2,,,,,,,,,,,,,,,,,,,,,,,,,,,,,
Normal_npc001_quest0005_02,npc001,Stage01,dialogue,speaker_Chryso,크리소,Chryso,dialogue_Normal_npc001_quest0005_02,$으응? 별자리를 먹으면 어떤 맛이 나는지에 대해서 더 알고 싶다고…?$,$Huh? You want to know more about what a constellation would taste like if eaten…?$,Normal_npc001_quest0005_03,,,stella_01_07,left,TRUE,DialogueBackGround2,,,,,,,,,,,,,,,,,,,,,,,,,,,,,
Normal_npc001_quest0005_03,npc001,Stage01,dialogue,speaker_Chryso,크리소,Chryso,dialogue_Normal_npc001_quest0005_03,$글쎄… 내가 이전에 했던 말들은… 그냥 비유 한거야.$,$Well… what I said before… was just a figure of speech.$,Normal_npc001_quest0005_04,,,stella_01_07,left,TRUE,DialogueBackGround2,,,,,,,,,,,,,,,,,,,,,,,,,,,,,
Normal_npc001_quest0005_04,npc001,Stage01,dialogue,speaker_Chryso,크리소,Chryso,dialogue_Normal_npc001_quest0005_04,"$전에도 말했지만, 별가루는 먹는 게 아냐.$","$As I said, stardust isn’t food.$",Normal_npc001_quest0005_05,,,stella_01_01,left,TRUE,DialogueBackGround2,,,,,,,,,,,,,,,,,,,,,,,,,,,,,
Normal_npc001_quest0005_05,npc001,Stage01,dialogue,speaker_Chryso,크리소,Chryso,dialogue_Normal_npc001_quest0005_05,"$근데 있잖아, 맛있어.$","$But you know, it’s delicious.$",Normal_npc001_quest0005_06,,,stella_01_02,left,TRUE,DialogueBackGround2,,,,,,,,,,,,,,,,,,,,,,,,,,,,,
Normal_npc001_quest0005_06,npc001,Stage01,dialogue,speaker_Chryso,크리소,Chryso,dialogue_Normal_npc001_quest0005_06,$나도 알아!!! 바보처럼 들리는 거! 근데 달리 표현할 말이 없어!$,$I know!!! I sound like an idiot! But I just can’t describe it any other way!$,Normal_npc001_quest0005_07,,,stella_01_09,left,TRUE,DialogueBackGround2,,,,,,,,,,,,,,,,,,,,,,,,,,,,,
Normal_npc001_quest0005_07,npc001,Stage01,dialogue,speaker_Chryso,크리소,Chryso,dialogue_Normal_npc001_quest0005_07,$…혹시 별가루 더 갖고 있어?$,$…Do you happen to have more stardust?$,Normal_npc001_quest0005,,,stella_01_03,left,TRUE,DialogueBackGround2,,,,,,,,,,,,,,,,,,,,,,,,,,,,,
Normal_npc001_quest0006,npc001,Stage01,startchoice,speaker_Chryso,크리소,Chryso,,"$환영하네, 친구. 하고싶은 말이 있나?$","$Welcome, my friend. Do you have something you’d like to say?$",,,,stella_01_01,left,TRUE,DialogueBackGround2,,,,,,,$자기소개$,$자기소개$,$Self-introduction$,Normal_npc001_quest0001_01_01,$궁금한 것이 있어요.$,$궁금한 것이 있어요.$,$I have a question.$,Normal_npc001_quest0002_02_01,"$똑, 똑. 실례합니다.$","$똑, 똑. 실례합니다.$","$Knock, knock. Excuse me.$",Normal_npc001_quest0005_01,$대화를 그만두기$,$대화를 그만두기$,$End conversation$,end,quest_cleared:quest0001,quest_cleared:quest0005,,,,,
Normal_npc001_quest0007,npc001,Stage01,startchoice,speaker_Chryso,크리소,Chryso,,"$환영하네, 친구. 하고싶은 말이 있나?$","$Welcome, my friend. Do you have something you’d like to say?$",,,,stella_01_01,left,TRUE,DialogueBackGround2,,,,,,,$자기소개$,$자기소개$,$Self-introduction$,Normal_npc001_quest0001_01_01,$궁금한 것이 있어요.$,$궁금한 것이 있어요.$,$I have a question.$,Normal_npc001_quest0002_02_01,"$똑, 똑. 실례합니다.$","$똑, 똑. 실례합니다.$","$Knock, knock. Excuse me.$",Normal_npc001_quest0005_01,$대화를 그만두기$,$대화를 그만두기$,$End conversation$,end,quest_cleared:quest0001,quest_cleared:quest0005,,,,,
Normal_npc001_quest0008,npc001,Stage01,startchoice,speaker_Chryso,크리소,Chryso,,"$환영하네, 친구. 하고싶은 말이 있나?$","$Welcome, my friend. Do you have something you’d like to say?$",,,,stella_01_01,left,TRUE,DialogueBackGround2,,,,,,,$자기소개$,$자기소개$,$Self-introduction$,Normal_npc001_quest0001_01_01,$궁금한 것이 있어요.$,$궁금한 것이 있어요.$,$I have a question.$,Normal_npc001_quest0002_02_01,"$똑, 똑. 실례합니다.$","$똑, 똑. 실례합니다.$","$Knock, knock. Excuse me.$",Normal_npc001_quest0005_01,$대화를 그만두기$,$대화를 그만두기$,$End conversation$,end,quest_cleared:quest0001,quest_cleared:quest0005,,,,,
Normal_npc001_quest0009,npc001,Stage01,startchoice,speaker_Chryso,크리소,Chryso,,"$환영하네, 친구. 하고싶은 말이 있나?$","$Welcome, my friend. Do you have something you’d like to say?$",,,,stella_01_01,left,TRUE,DialogueBackGround2,,,,,,,$자기소개$,$자기소개$,$Self-introduction$,Normal_npc001_quest0001_01_01,$궁금한 것이 있어요.$,$궁금한 것이 있어요.$,$I have a question.$,Normal_npc001_quest0002_02_01,"$똑, 똑. 실례합니다.$","$똑, 똑. 실례합니다.$","$Knock, knock. Excuse me.$",Normal_npc001_quest0005_01,$대화를 그만두기$,$대화를 그만두기$,$End conversation$,end,quest_cleared:quest0001,quest_cleared:quest0005,,,,,
Normal_npc001_quest0009_Clear,npc001,Stage01,startchoice,speaker_Chryso,크리소,Chryso,,"$환영하네, 친구. 하고싶은 말이 있나?$","$Welcome, my friend. Do you have something you’d like to say?$",,,,stella_01_01,left,TRUE,DialogueBackGround2,,,,,,,$자기소개$,$자기소개$,$Self-introduction$,Normal_npc001_quest0001_01_01,$궁금한 것이 있어요.$,$궁금한 것이 있어요.$,$I have a question.$,Normal_npc001_quest0002_02_01,"$똑, 똑. 실례합니다.$","$똑, 똑. 실례합니다.$","$Knock, knock. Excuse me.$",Normal_npc001_quest0005_01,$대화를 그만두기$,$대화를 그만두기$,$End conversation$,end,quest_cleared:quest0001,quest_cleared:quest0005,,,,,
Normal_npc001_quest0010,npc001,Stage01,startchoice,speaker_Chryso,크리소,Chryso,,"$환영하네, 친구. 하고싶은 말이 있나?$","$Welcome, my friend. Do you have something you’d like to say?$",,,,stella_01_01,left,TRUE,DialogueBackGround2,,,,,,,$자기소개$,$자기소개$,$Self-introduction$,Normal_npc001_quest0001_01_01,$궁금한 것이 있어요.$,$궁금한 것이 있어요.$,$I have a question.$,Normal_npc001_quest0002_02_01,"$똑, 똑. 실례합니다.$","$똑, 똑. 실례합니다.$","$Knock, knock. Excuse me.$",Normal_npc001_quest0005_01,$대화를 그만두기$,$대화를 그만두기$,$End conversation$,end,quest_cleared:quest0001,quest_cleared:quest0005,,,,,
Normal_npc002_quest1001,npc002,Stage02,startchoice,speaker_Io,이오,Io,dialogueNormal_npc002_quest1001,"$안녕, 리비. 무슨 일이야?$","$Hi, Ribby. What’s going on?$",,,,stella_02_01,left,TRUE,DialogueBackGround2,,,,,,,$자기소개$,$자기소개$,$Self-introduction$,Normal_npc002_quest1001_01,$궁금한 것이 있어요.$,$궁금한 것이 있어요.$,$I have a question.$,Normal_npc002_quest1002_01,$혼자서 있을 땐 어떤 걸 하나요?$,$혼자서 있을 땐 어떤 걸 하나요?$,$What do you do when you’re alone?$,Normal_npc002_quest1009_03_01,$대화를 그만두기$,$대화를 그만두기$,$End conversation$,end,quest_cleared:quest1001,quest_cleared:quest1008,,,,,
Normal_npc002_quest1001_01,npc002,Stage02,dialogue,speaker_Io,이오,Io,dialogueNormal_npc002_quest1001_01,"$음, 좋아.$","$Hmm, alright.$",Normal_npc002_quest1001_02,,,stella_02_01,left,TRUE,DialogueBackGround2,,,,,,,,,,,,,,,,,,,,,,,,,,,,,
Normal_npc002_quest1001_02,npc002,Stage02,dialogue,speaker_Io,이오,Io,dialogueNormal_npc002_quest1001_02,"$나는 우주의 열두 별자리들 중 하나, 황소 별자리 이오라고 해.$","$I am Io, the Taurus constellation, one of the twelve constellations of the universe.$",Normal_npc002_quest1001_03,,,stella_02_02,left,TRUE,DialogueBackGround2,,,,,,,,,,,,,,,,,,,,,,,,,,,,,
Normal_npc002_quest1001_03,npc002,Stage02,dialogue,speaker_Io,이오,Io,dialogueNormal_npc002_quest1001_03,"$지금은 비록 힘이 많이 약해졌지만, 별가루를 충분히 얻게 된다면…$","$Though my power has greatly weakened now, if I can gather enough stardust…$",Normal_npc002_quest1001_04,,,stella_02_01,left,TRUE,DialogueBackGround2,,,,,,,,,,,,,,,,,,,,,,,,,,,,,
Normal_npc002_quest1001_04,npc002,Stage02,dialogue,speaker_Io,이오,Io,dialogueNormal_npc002_quest1001_04,"$다시 그 옛날처럼, 온 우주를 찬란하게 비추게 될 거야.$","$I will once again shine brightly across the whole universe, just like in the old days.$",Normal_npc002_quest1001,,,stella_02_03,left,TRUE,DialogueBackGround2,,,,,,,,,,,,,,,,,,,,,,,,,,,,,
Normal_npc002_quest1002,npc002,Stage02,startchoice,speaker_Io,이오,Io,dialogueNormal_npc002_quest1002,"$안녕, 리비. 무슨 일이야?$","$Hi, Ribby. What’s going on?$",,,,stella_02_01,left,TRUE,DialogueBackGround2,,,,,,,$자기소개$,$자기소개$,$Self-introduction$,Normal_npc002_quest1001_01,$궁금한 것이 있어요.$,$궁금한 것이 있어요.$,$I have a question.$,Normal_npc002_quest1002_01,$혼자서 있을 땐 어떤 걸 하나요?$,$혼자서 있을 땐 어떤 걸 하나요?$,$What do you do when you’re alone?$,Normal_npc002_quest1009_03_01,$대화를 그만두기$,$대화를 그만두기$,$End conversation$,end,quest_cleared:quest1001,quest_cleared:quest1008,,,,,
Normal_npc002_quest1002_01,npc002,Stage02,choice,speaker_Io,이오,Io,dialogueNormal_npc002_quest1002_01,$어떤 게 궁금해? 원하는 만큼 물어봐도 괜찮아.$,$What are you curious about? You can ask me as much as you want.$,,,,stella_02_03,left,TRUE,DialogueBackGround2,,,,,,,$왜 황소인가요?$,$왜 황소인가요?$,$Why are you a Taurus?$,Normal_npc002_quest1002_01_01,$양 자리와 가까운 관계가 있나요?$,$양 자리와 가까운 관계가 있나요?$,$$Do you have a close relationship with Aries?$$,Normal_npc002_quest1002_02_01,$가장 친한 별자리는 누구인가요?$,$가장 친한 별자리는 누구인가요?$,$$Which constellation are you closest to?$$,Normal_npc002_quest1004_03_01,$돌아가기$,$돌아가기$,$Go back$,Normal_npc002_quest1001,quest_cleared:quest1001,quest_cleared:quest1003,,,,,
Normal_npc002_quest1002_02,npc002,Stage02,choice,speaker_Io,이오,Io,dialogueNormal_npc002_quest1002_02,$더 궁금한 것이 있니?$,$Is there something else you’re curious about?$,,,,stella_02_03,left,TRUE,DialogueBackGround2,,,,,,,$왜 황소인가요?$,$왜 황소인가요?$,$Why are you a Taurus?$,Normal_npc002_quest1002_01_01,$양 자리와 가까운 관계가 있나요?$,$양 자리와 가까운 관계가 있나요?$,$$Do you have a close relationship with Aries?$$,Normal_npc002_quest1002_02_01,$가장 친한 별자리는 누구인가요?$,$가장 친한 별자리는 누구인가요?$,$$Which constellation are you closest to?$$,Normal_npc002_quest1004_03_01,$돌아가기$,$돌아가기$,$Go back$,Normal_npc002_quest1001,quest_cleared:quest1001,quest_cleared:quest1003,,,,,
Normal_npc002_quest1002_01_01,npc002,Stage02,dialogue,speaker_Io,이오,Io,dialogueNormal_npc002_quest1002_01_01,$어… 글쎄…?$,$Uh… well…?$,Normal_npc002_quest1002_01_02,,,stella_02_00,left,TRUE,DialogueBackGround2,,,,,,,,,,,,,,,,,,,,,,,,,,,,,
Normal_npc002_quest1002_01_02,npc002,Stage02,dialogue,speaker_Io,이오,Io,dialogueNormal_npc002_quest1002_01_02,$이런 질문을 받아 본 건 처음인데…$,$This is the first time I’ve been asked a question like this…$,Normal_npc002_quest1002_01_03,,,stella_02_00,left,TRUE,DialogueBackGround2,,,,,,,,,,,,,,,,,,,,,,,,,,,,,
Normal_npc002_quest1002_01_03,npc002,Stage02,dialogue,speaker_Io,이오,Io,dialogueNormal_npc002_quest1002_01_03,$태어날 때부터 황소였…으니까?$,$Because I was born a Taurus…? I guess?$,Normal_npc002_quest1002_01_04,,,stella_02_02,left,TRUE,DialogueBackGround2,,,,,,,,,,,,,,,,,,,,,,,,,,,,,
Normal_npc002_quest1002_01_04,npc002,Stage02,dialogue,speaker_Io,이오,Io,dialogueNormal_npc002_quest1002_01_04,"$이, 이런 걸 물어보고 그래…$",$W-why are you even asking me something like that…$,Normal_npc002_quest1002_02,,,stella_02_11,left,TRUE,DialogueBackGround2,,,,,,,,,,,,,,,,,,,,,,,,,,,,,
Normal_npc002_quest1002_02_01,npc002,Stage02,dialogue,speaker_Io,이오,Io,dialogueNormal_npc002_quest1002_02_01,"$으윽, 그냥 동물이라는 공통점 말고는 아무것도 없잖아…$","$Ugh, other than just the fact that we’re both animals, there’s nothing in common…$",Normal_npc002_quest1002_02_02,,,stella_02_11,left,TRUE,DialogueBackGround2,,,,,,,,,,,,,,,,,,,,,,,,,,,,,
Normal_npc002_quest1002_02_02,npc002,Stage02,dialogue,speaker_Io,이오,Io,dialogueNormal_npc002_quest1002_02_02,"$저기, 있잖아. 크리소는 정말 '굉장한' 바보라고.$","$Hey, you know what. Chrisso is really an ‘amazing’ fool.$",Normal_npc002_quest1002_02_03,,,stella_02_11,left,TRUE,DialogueBackGround2,,,,,,,,,,,,,,,,,,,,,,,,,,,,,
Normal_npc002_quest1002_02_03,npc002,Stage02,dialogue,speaker_Io,이오,Io,dialogueNormal_npc002_quest1002_02_03,$행동거지가 이해가 안 돼.$,$I can’t understand the way he acts.$,Normal_npc002_quest1002_02_04,,,stella_02_00,left,TRUE,DialogueBackGround2,,,,,,,,,,,,,,,,,,,,,,,,,,,,,
Normal_npc002_quest1002_02_04,npc002,Stage02,dialogue,speaker_Io,이오,Io,dialogueNormal_npc002_quest1002_02_04,$목소리는 또 어찌나 큰지 가까이서 듣고 있으면 머리가 울리는데…$,"$And his voice—so loud that if you listen up close, your head starts to ring…$",Normal_npc002_quest1002_02_05,,,stella_02_08,left,TRUE,DialogueBackGround2,,,,,,,,,,,,,,,,,,,,,,,,,,,,,
Normal_npc002_quest1002_02_05,npc002,Stage02,dialogue,speaker_Io,이오,Io,dialogueNormal_npc002_quest1002_02_05,$대체 왜 바로 앞에 있는 사람의 귓가에다 고함을 지르는거야?$,$Why on earth does he have to shout right next to someone’s ear?$,Normal_npc002_quest1002_02_06,,,stella_02_08,left,TRUE,DialogueBackGround2,,,,,,,,,,,,,,,,,,,,,,,,,,,,,
Normal_npc002_quest1002_02_06,npc002,Stage02,dialogue,speaker_Io,이오,Io,dialogueNormal_npc002_quest1002_02_06,$...대체 왜?$,$...Why?$,Normal_npc002_quest1002_02_07,,,stella_02_09,left,TRUE,DialogueBackGround2,,,,,,,,,,,,,,,,,,,,,,,,,,,,,
Normal_npc002_quest1002_02_07,npc002,Stage02,dialogue,speaker_Io,이오,Io,dialogueNormal_npc002_quest1002_02_07,$나는… 이해할 수가 없어.$,$I just… can’t understand it.$,Normal_npc002_quest1002_02_08,,,stella_02_09,left,TRUE,DialogueBackGround2,,,,,,,,,,,,,,,,,,,,,,,,,,,,,
Normal_npc002_quest1002_02_08,npc002,Stage02,dialogue,speaker_Io,이오,Io,dialogueNormal_npc002_quest1002_02_08,$나는 그저 조용한 곳에 가만히 않아 여유를 즐기고 있었을 뿐인데…!$,"$I was simply sitting quietly in a peaceful place, enjoying the calm…!$",Normal_npc002_quest1002_02_09,,,stella_02_09,left,TRUE,DialogueBackGround2,,,,,,,,,,,,,,,,,,,,,,,,,,,,,
Normal_npc002_quest1002_02_09,npc002,Stage02,dialogue,speaker_Io,이오,Io,dialogueNormal_npc002_quest1002_02_09,$그 녀석이!!! 발소리를 쿵 쾅 쿵 쾅 내면서 뛰어 오더니!!$,$Then that guy!!! came running with heavy footsteps—thud thud thud!!$,Normal_npc002_quest1002_02_10,,,stella_02_10,left,TRUE,DialogueBackGround2,,,,,,,,,,,,,,,,,,,,,,,,,,,,,
Normal_npc002_quest1002_02_10,npc002,Stage02,dialogue,speaker_Io,이오,Io,dialogueNormal_npc002_quest1002_02_10,$우와아아악!!!$,$Uwaaaahhh!!!$,Normal_npc002_quest1002_02_11,,,stella_02_10,left,TRUE,DialogueBackGround2,,,,,,,,,,,,,,,,,,,,,,,,,,,,,
Normal_npc002_quest1002_02_11,npc002,Stage02,dialogue,speaker_Io,이오,Io,dialogueNormal_npc002_quest1002_02_11,$대체 왜 그러는거야!!! 아아아아악!!!!!$,$Why does he do that!!! Aaaaargh!!!!!$,Normal_npc002_quest1002_02_12,,,stella_02_10,left,TRUE,DialogueBackGround2,,,,,,,,,,,,,,,,,,,,,,,,,,,,,
Normal_npc002_quest1002_02_12,npc002,Stage02,dialogue,speaker_Io,이오,Io,dialogueNormal_npc002_quest1002_02_12,$(이오가 발작을 일으키기 시작해 잠시 몸을 피했다.)$,"$(Io starts having a fit, so I stepped back for a moment.)$",Normal_npc002_quest1002_02,Normal_npc002_quest1003_02_02_01,quest_cleared:quest1002,,left,TRUE,DialogueBackGround2,,,,,,,,,,,,,,,,,,,,,,,,,,,,,
Normal_npc002_quest1003,npc002,Stage02,startchoice,speaker_Io,이오,Io,dialogueNormal_npc002_quest1003,"$안녕, 리비. 무슨 일이야?$","$Hi, Ribby. What’s going on?$",,,,stella_02_01,left,TRUE,DialogueBackGround2,,,,,,,$자기소개$,$자기소개$,$Self-introduction$,Normal_npc002_quest1001_01,$궁금한 것이 있어요.$,$궁금한 것이 있어요.$,$I have a question.$,Normal_npc002_quest1002_01,$혼자서 있을 땐 어떤 걸 하나요?$,$혼자서 있을 땐 어떤 걸 하나요?$,$What do you do when you’re alone?$,Normal_npc002_quest1009_03_01,$대화를 그만두기$,$대화를 그만두기$,$End conversation$,end,quest_cleared:quest1001,quest_cleared:quest1008,,,,,
Normal_npc002_quest1003_02_02_01,npc002,Stage02,startchoice,speaker_Io,이오,Io,dialogueNormal_npc002_quest1003_02_02_01,$...$,$...$,,,,stella_02_01,left,TRUE,DialogueBackGround2,,,,,,,$화가 나는 건 이해해요$,$화가 나는 건 이해해요$,$That’s strange!$,Normal_npc002_quest1003_02_02_01_01,,,,,,,,,$돌아가기$,$돌아가기$,$Go back$,Normal_npc002_quest1002_02,quest_cleared:quest1002,,,,,,
Normal_npc002_quest1003_02_02_01_01,npc002,Stage02,dialogue,speaker_Io,이오,Io,dialogueNormal_npc002_quest1003_02_02_01_01,$…후우.$,$…Phew.$,Normal_npc002_quest1003_02_02_01_02,,,stella_02_11,left,TRUE,DialogueBackGround2,,,,,,,,,,,,,,,,,,,,,,,,,,,,,
Normal_npc002_quest1003_02_02_01_02,npc002,Stage02,dialogue,speaker_Io,이오,Io,dialogueNormal_npc002_quest1003_02_02_01_02,$미안해... 나는 이런 사람이 아닌데…$,$I’m sorry… I’m not usually like this…$,Normal_npc002_quest1003_02_02_01_03,,,stella_02_01,left,TRUE,DialogueBackGround2,,,,,,,,,,,,,,,,,,,,,,,,,,,,,
Normal_npc002_quest1003_02_02_01_03,npc002,Stage02,dialogue,speaker_Io,이오,Io,dialogueNormal_npc002_quest1003_02_02_01_03,"$바보 같이 구는 녀석들이 내 신경을 긁기 시작하면, 도무지 참을 수가 없어.$","$When fools start to get on my nerves, I just can’t hold back.$",Normal_npc002_quest1003_02_02_01_04,,,stella_02_12,left,TRUE,DialogueBackGround2,,,,,,,,,,,,,,,,,,,,,,,,,,,,,
Normal_npc002_quest1003_02_02_01_04,npc002,Stage02,dialogue,speaker_Io,이오,Io,dialogueNormal_npc002_quest1003_02_02_01_04,"$조용히 명상을 하던 도중, 크리소가 쳐들어왔던 그 날도 그랬어.$","$That day too, when I was meditating quietly and Chrisso barged in.$",Normal_npc002_quest1003_02_02_01_05,,,stella_02_04,left,TRUE,DialogueBackGround2,,,,,,,,,,,,,,,,,,,,,,,,,,,,,
Normal_npc002_quest1003_02_02_01_05,npc002,Stage02,dialogue,speaker_Io,이오,Io,dialogueNormal_npc002_quest1003_02_02_01_05,"$화를 억누를 수가 없어서, 크리소의 머리에 꿀밤을 놓아 주었거든.$",$I couldn’t suppress my anger and gave Chrisso a flick on the head.$,Normal_npc002_quest1003_02_02_01_06,,,stella_02_02,left,TRUE,DialogueBackGround2,,,,,,,,,,,,,,,,,,,,,,,,,,,,,
Normal_npc002_quest1003_02_02_01_06,npc002,Stage02,dialogue,speaker_Io,이오,Io,dialogueNormal_npc002_quest1003_02_02_01_06,"$그런데 그만, 그 녀석이 기절해 버린 거야.$","$But then, he passed out.$",Normal_npc002_quest1003_02_02_01_07,,,stella_02_01,left,TRUE,DialogueBackGround2,,,,,,,,,,,,,,,,,,,,,,,,,,,,,
Normal_npc002_quest1003_02_02_01_07,npc002,Stage02,dialogue,speaker_Io,이오,Io,dialogueNormal_npc002_quest1003_02_02_01_07,"$장난하는 줄 알았어… 고작 꿀밤 한 대로 기절해 버리다니, 말이 안 되잖아?$",$I thought he was playing around… but passing out from just one flick? It made no sense.$,Normal_npc002_quest1003_02_02_01_08,,,stella_02_05,left,TRUE,DialogueBackGround2,,,,,,,,,,,,,,,,,,,,,,,,,,,,,
Normal_npc002_quest1003_02_02_01_08,npc002,Stage02,dialogue,speaker_Io,이오,Io,dialogueNormal_npc002_quest1003_02_02_01_08,$당시 심각한 상황이라는 걸 깨달은 건…$,$I realized it was serious only when…$,Normal_npc002_quest1003_02_02_01_09,,,stella_02_04,left,TRUE,DialogueBackGround2,,,,,,,,,,,,,,,,,,,,,,,,,,,,,
Normal_npc002_quest1003_02_02_01_09,npc002,Stage02,dialogue,speaker_Io,이오,Io,dialogueNormal_npc002_quest1003_02_02_01_09,$...크리소가 입에 거품을 물고 있는 걸 발견한 뒤였지.$,$…I saw foam coming out of Chrisso’s mouth.$,Normal_npc002_quest1003_02_02_01_10,,,stella_02_12,left,TRUE,DialogueBackGround2,,,,,,,,,,,,,,,,,,,,,,,,,,,,,
Normal_npc002_quest1003_02_02_01_10,npc002,Stage02,dialogue,speaker_Io,이오,Io,dialogueNormal_npc002_quest1003_02_02_01_10,$그 뒤로는 아무리 화가 나도 물리적인 폭력은 쓰지 않기로 했어.$,"$Since then, no matter how angry I get, I decided never to use physical force again.$",Normal_npc002_quest1003_02_02_01_11,,,stella_02_01,left,TRUE,DialogueBackGround2,,,,,,,,,,,,,,,,,,,,,,,,,,,,,
Normal_npc002_quest1003_02_02_01_11,npc002,Stage02,dialogue,speaker_Io,이오,Io,dialogueNormal_npc002_quest1003_02_02_01_11,$친구가 다치면 안 되니까.$,$Because friends shouldn’t get hurt.$,Normal_npc002_quest1002_02,,,stella_02_11,left,TRUE,DialogueBackGround2,,,,,,,,,,,,,,,,,,,,,,,,,,,,,
Normal_npc002_quest1004,npc002,Stage02,startchoice,speaker_Io,이오,Io,dialogueNormal_npc002_quest1004,"$안녕, 리비. 무슨 일이야?$","$Hi, Ribby. What’s going on?$",,,,stella_02_01,left,TRUE,DialogueBackGround2,,,,,,,$자기소개$,$자기소개$,$Self-introduction$,Normal_npc002_quest1001_01,$궁금한 것이 있어요.$,$궁금한 것이 있어요.$,$I have a question.$,Normal_npc002_quest1002_01,$혼자서 있을 땐 어떤 걸 하나요?$,$혼자서 있을 땐 어떤 걸 하나요?$,$What do you do when you’re alone?$,Normal_npc002_quest1009_03_01,$대화를 그만두기$,$대화를 그만두기$,$End conversation$,end,quest_cleared:quest1001,quest_cleared:quest1008,,,,,
Normal_npc002_quest1004_03_01,npc002,Stage02,dialogue,speaker_Io,이오,Io,dialogueNormal_npc002_quest1004_03_01,$음…$,$Hmm…$,Normal_npc002_quest1004_03_02,,,stella_02_01,left,TRUE,DialogueBackGround2,,,,,,,,,,,,,,,,,,,,,,,,,,,,,
Normal_npc002_quest1004_03_02,npc002,Stage02,dialogue,speaker_Io,이오,Io,dialogueNormal_npc002_quest1004_03_02,$아무래도 역시... 크리소 겠지.$,$It must be… Chrisso again.$,Normal_npc002_quest1004_03_03,,,stella_02_01,left,TRUE,DialogueBackGround2,,,,,,,,,,,,,,,,,,,,,,,,,,,,,
Normal_npc002_quest1004_03_03,npc002,Stage02,dialogue,speaker_Io,이오,Io,dialogueNormal_npc002_quest1004_03_03,$싫어하는 것 아니었냐고? 물론 싫지.$,$You’re asking if I dislike him? Of course I do.$,Normal_npc002_quest1004_03_04,,,stella_02_02,left,TRUE,DialogueBackGround2,,,,,,,,,,,,,,,,,,,,,,,,,,,,,
Normal_npc002_quest1004_03_04,npc002,Stage02,dialogue,speaker_Io,이오,Io,dialogueNormal_npc002_quest1004_03_04,$나는 시끄러운 거 딱 질색이니까…$,$I absolutely can’t stand noise…$,Normal_npc002_quest1004_03_05,,,stella_02_07,left,TRUE,DialogueBackGround2,,,,,,,,,,,,,,,,,,,,,,,,,,,,,
Normal_npc002_quest1004_03_05,npc002,Stage02,dialogue,speaker_Io,이오,Io,dialogueNormal_npc002_quest1004_03_05,"$하지만, 그런 거랑은 별개로 친할 수도 있는 거잖아?$","$But that’s separate from whether we can be friends, right?$",Normal_npc002_quest1002_02,Normal_npc002_quest1005_03_01,quest_cleared:quest1004,stella_02_04,left,TRUE,DialogueBackGround2,,,,,,,,,,,,,,,,,,,,,,,,,,,,,
Normal_npc002_quest1005,npc002,Stage02,startchoice,speaker_Io,이오,Io,dialogueNormal_npc002_quest1005,"$안녕, 리비. 무슨 일이야?$","$Hi, Ribby. What’s going on?$",,,,stella_02_01,left,TRUE,DialogueBackGround2,,,,,,,$자기소개$,$자기소개$,$Self-introduction$,Normal_npc002_quest1001_01,$궁금한 것이 있어요.$,$궁금한 것이 있어요.$,$I have a question.$,Normal_npc002_quest1002_01,$혼자서 있을 땐 어떤 걸 하나요?$,$혼자서 있을 땐 어떤 걸 하나요?$,$What do you do when you’re alone?$,Normal_npc002_quest1009_03_01,$대화를 그만두기$,$대화를 그만두기$,$End conversation$,end,quest_cleared:quest1001,quest_cleared:quest1008,,,,,
Normal_npc002_quest1005_03_01,npc002,Stage02,startchoice,speaker_Io,이오,Io,dialogueNormal_npc002_quest1005_03_01,$...$,$...$,,,,stella_02_01,left,TRUE,DialogueBackGround2,,,,,,,$이상한데요!$,$이상한데요!$,$That’s strange!$,Normal_npc002_quest1005_03_01_01,$크리소 님도 그렇게 알고 있을까요?$,$크리소 님도 그렇게 알고 있을까요?$,$Do you think Chryso knows that too?$,Normal_npc002_quest1007_03_02_01,,,,,$돌아가기$,$돌아가기$,$Go back$,Normal_npc002_quest1002_02,quest_cleared:quest1006,,,,,,
Normal_npc002_quest1005_03_01_01,npc002,Stage02,dialogue,speaker_Io,이오,Io,dialogueNormal_npc002_quest1005_03_01_01,"$아냐, 정말이야. 매번 투닥거리기는 하지만,,,$","$No, really. We may bicker every time…$",Normal_npc002_quest1005_03_01_02,,,stella_02_04,left,TRUE,DialogueBackGround2,,,,,,,,,,,,,,,,,,,,,,,,,,,,,
Normal_npc002_quest1005_03_01_02,npc002,Stage02,dialogue,speaker_Io,이오,Io,dialogueNormal_npc002_quest1005_03_01_02,$그래도 엄연히 친구인 걸.$,$But we’re still clearly friends.$,Normal_npc002_quest1005_03_01_03,,,stella_02_03,left,TRUE,DialogueBackGround2,,,,,,,,,,,,,,,,,,,,,,,,,,,,,
Normal_npc002_quest1005_03_01_03,npc002,Stage02,dialogue,speaker_Io,이오,Io,dialogueNormal_npc002_quest1005_03_01_03,$정말로 친하지 않은 애들은 따로 있지…$,$There are others I’m truly not close to…$,Normal_npc002_quest1005_03_01_04,,,stella_02_01,left,TRUE,DialogueBackGround2,,,,,,,,,,,,,,,,,,,,,,,,,,,,,
Normal_npc002_quest1005_03_01_04,npc002,Stage02,dialogue,speaker_Io,이오,Io,dialogueNormal_npc002_quest1005_03_01_04,$리브라. 난 그 녀석이 아직도 뭐 하는 녀석인지 잘 몰라.$,$Libra. I still don’t really know what that guy is all about.$,Normal_npc002_quest1005_03_01_05,,,stella_02_04,left,TRUE,DialogueBackGround2,,,,,,,,,,,,,,,,,,,,,,,,,,,,,
Normal_npc002_quest1005_03_01_05,npc002,Stage02,dialogue,speaker_Io,이오,Io,dialogueNormal_npc002_quest1005_03_01_05,"$그 끝도없이 길고 긴 세월동안, 결국 이야기 한번을 제대로 나누지도 않았고.$","$Through those endless, endless ages, we never even had a proper conversation.$",Normal_npc002_quest1005_03_01_06,,,stella_02_11,left,TRUE,DialogueBackGround2,,,,,,,,,,,,,,,,,,,,,,,,,,,,,
Normal_npc002_quest1005_03_01_06,npc002,Stage02,dialogue,speaker_Io,이오,Io,dialogueNormal_npc002_quest1005_03_01_06,$같은 별자리인데도 그랬어. 서로 원수라도 진 것 마냥.$,$Even though we’re in the same constellation. As if we were sworn enemies.$,Normal_npc002_quest1005_03_01_07,,,stella_02_11,left,TRUE,DialogueBackGround2,,,,,,,,,,,,,,,,,,,,,,,,,,,,,
Normal_npc002_quest1005_03_01_07,npc002,Stage02,dialogue,speaker_Io,이오,Io,dialogueNormal_npc002_quest1005_03_01_07,"$믿기 힘들겠지만, 그러네.$","$Hard to believe, but it’s true.$",Normal_npc002_quest1005_03_01,,,stella_02_01,left,TRUE,DialogueBackGround2,,,,,,,,,,,,,,,,,,,,,,,,,,,,,
Normal_npc002_quest1006,npc002,Stage02,startchoice,speaker_Io,이오,Io,dialogueNormal_npc002_quest1006,"$안녕, 리비. 무슨 일이야?$","$Hi, Ribby. What’s going on?$",,,,stella_02_01,left,TRUE,DialogueBackGround2,,,,,,,$자기소개$,$자기소개$,$Self-introduction$,Normal_npc002_quest1001_01,$궁금한 것이 있어요.$,$궁금한 것이 있어요.$,$I have a question.$,Normal_npc002_quest1002_01,$혼자서 있을 땐 어떤 걸 하나요?$,$혼자서 있을 땐 어떤 걸 하나요?$,$What do you do when you’re alone?$,Normal_npc002_quest1009_03_01,$대화를 그만두기$,$대화를 그만두기$,$End conversation$,end,quest_cleared:quest1001,quest_cleared:quest1008,,,,,
Normal_npc002_quest1007,npc002,Stage02,startchoice,speaker_Io,이오,Io,dialogueNormal_npc002_quest1007,"$안녕, 리비. 무슨 일이야?$","$Hi, Ribby. What’s going on?$",,,,stella_02_01,left,TRUE,DialogueBackGround2,,,,,,,$자기소개$,$자기소개$,$Self-introduction$,Normal_npc002_quest1001_01,$궁금한 것이 있어요.$,$궁금한 것이 있어요.$,$I have a question.$,Normal_npc002_quest1002_01,$혼자서 있을 땐 어떤 걸 하나요?$,$혼자서 있을 땐 어떤 걸 하나요?$,$What do you do when you’re alone?$,Normal_npc002_quest1009_03_01,$대화를 그만두기$,$대화를 그만두기$,$End conversation$,end,quest_cleared:quest1001,quest_cleared:quest1008,,,,,
Normal_npc002_quest1007_03_02_01,npc002,Stage02,dialogue,speaker_Io,이오,Io,dialogueNormal_npc002_quest1007_03_02_01,$…$,$…$,Normal_npc002_quest1007_03_02_02,,,stella_02_01,left,TRUE,DialogueBackGround2,,,,,,,,,,,,,,,,,,,,,,,,,,,,,
Normal_npc002_quest1007_03_02_02,npc002,Stage02,dialogue,speaker_Io,이오,Io,dialogueNormal_npc002_quest1007_03_02_02,"$아, 아니. 그야 그렇겠지. 크리소도 날 친구로 생각하겠지.$","$Ah, no. Well, yeah, that’s probably it. Chrisso must think of me as a friend too.$",Normal_npc002_quest1007_03_02_03,,,stella_02_12,left,TRUE,DialogueBackGround2,,,,,,,,,,,,,,,,,,,,,,,,,,,,,
Normal_npc002_quest1007_03_02_03,npc002,Stage02,dialogue,speaker_Io,이오,Io,dialogueNormal_npc002_quest1007_03_02_03,$…진짜 너무한 질문이네.$,$…That’s a really mean question.$,Normal_npc002_quest1007_03_02_04,,,stella_02_12,left,TRUE,DialogueBackGround2,,,,,,,,,,,,,,,,,,,,,,,,,,,,,
Normal_npc002_quest1007_03_02_04,npc002,Stage02,dialogue,speaker_Io,이오,Io,dialogueNormal_npc002_quest1007_03_02_04,$…$,$…$,Normal_npc002_quest1007_03_02_05,,,stella_02_11,left,TRUE,DialogueBackGround2,,,,,,,,,,,,,,,,,,,,,,,,,,,,,
Normal_npc002_quest1007_03_02_05,npc002,Stage02,dialogue,speaker_Io,이오,Io,dialogueNormal_npc002_quest1007_03_02_05,$그게 아니면 어떻게 그렇게 끝도 없이 귀찮게 굴려고 들겠어?$,"$Otherwise, why would he try so endlessly to bother me?$",Normal_npc002_quest1007_03_02_06,,,stella_02_12,left,TRUE,DialogueBackGround2,,,,,,,,,,,,,,,,,,,,,,,,,,,,,
Normal_npc002_quest1007_03_02_06,npc002,Stage02,dialogue,speaker_Io,이오,Io,dialogueNormal_npc002_quest1007_03_02_06,$…$,$…$,Normal_npc002_quest1007_03_02_07,,,stella_02_11,left,TRUE,DialogueBackGround2,,,,,,,,,,,,,,,,,,,,,,,,,,,,,
Normal_npc002_quest1007_03_02_07,npc002,Stage02,dialogue,speaker_Io,이오,Io,dialogueNormal_npc002_quest1007_03_02_07,$확실히...$,$It’s true though…$,Normal_npc002_quest1007_03_02_08,,,stella_02_11,left,TRUE,DialogueBackGround2,,,,,,,,,,,,,,,,,,,,,,,,,,,,,
Normal_npc002_quest1007_03_02_08,npc002,Stage02,dialogue,speaker_Io,이오,Io,dialogueNormal_npc002_quest1007_03_02_08,$기절을 한번 시킨 이후로는 말을 덜 걸어오는 것 같기도…$,"$Ever since I knocked him out once, he seems to talk to me less…$",Normal_npc002_quest1005_03_01,,,stella_02_05,left,TRUE,DialogueBackGround2,,,,,,,,,,,,,,,,,,,,,,,,,,,,,
Normal_npc002_quest1008,npc002,Stage02,startchoice,speaker_Io,이오,Io,dialogueNormal_npc002_quest1008,"$안녕, 리비. 무슨 일이야?$","$Hi, Ribby. What’s going on?$",,,,stella_02_01,left,TRUE,DialogueBackGround2,,,,,,,$자기소개$,$자기소개$,$Self-introduction$,Normal_npc002_quest1001_01,$궁금한 것이 있어요.$,$궁금한 것이 있어요.$,$I have a question.$,Normal_npc002_quest1002_01,$혼자서 있을 땐 어떤 걸 하나요?$,$혼자서 있을 땐 어떤 걸 하나요?$,$What do you do when you’re alone?$,Normal_npc002_quest1009_03_01,$대화를 그만두기$,$대화를 그만두기$,$End conversation$,end,quest_cleared:quest1001,quest_cleared:quest1008,,,,,
Normal_npc002_quest1009,npc002,Stage02,startchoice,speaker_Io,이오,Io,dialogueNormal_npc002_quest1009,"$안녕, 리비. 무슨 일이야?$","$Hi, Ribby. What’s going on?$",,,,stella_02_01,left,TRUE,DialogueBackGround2,,,,,,,$자기소개$,$자기소개$,$Self-introduction$,Normal_npc002_quest1001_01,$궁금한 것이 있어요.$,$궁금한 것이 있어요.$,$I have a question.$,Normal_npc002_quest1002_01,$혼자서 있을 땐 어떤 걸 하나요?$,$혼자서 있을 땐 어떤 걸 하나요?$,$What do you do when you’re alone?$,Normal_npc002_quest1009_03_01,$대화를 그만두기$,$대화를 그만두기$,$End conversation$,end,quest_cleared:quest1001,quest_cleared:quest1008,,,,,
Normal_npc002_quest1009_03_01,npc002,Stage02,dialogue,speaker_Io,이오,Io,dialogueNormal_npc002_quest1009_03_01,"$아무 소리도 들려오지 않는 순간에, 나는 명상을 해. $","$In the moments when no sound comes from anywhere, I meditate.$",Normal_npc002_quest1009_03_02,,,stella_02_01,left,TRUE,DialogueBackGround2,,,,,,,,,,,,,,,,,,,,,,,,,,,,,
Normal_npc002_quest1009_03_02,npc002,Stage02,dialogue,speaker_Io,이오,Io,dialogueNormal_npc002_quest1009_03_02,$외부의 자극이 극적으로 줄어들면… 감각이 예민해지지.$,$When outside stimuli dramatically decreases… my senses sharpen.$,Normal_npc002_quest1009_03_03,,,stella_02_06,left,TRUE,DialogueBackGround2,,,,,,,,,,,,,,,,,,,,,,,,,,,,,
Normal_npc002_quest1009_03_03,npc002,Stage02,dialogue,speaker_Io,이오,Io,dialogueNormal_npc002_quest1009_03_03,"$나의 힘도 더 선명하게 느껴지고, 별가루도 한층 더 강하게 느껴져.$","$My power feels clearer, and the stardust feels stronger.$",Normal_npc002_quest1009_03_04,,,stella_02_06,left,TRUE,DialogueBackGround2,,,,,,,,,,,,,,,,,,,,,,,,,,,,,
Normal_npc002_quest1009_03_04,npc002,Stage02,dialogue,speaker_Io,이오,Io,dialogueNormal_npc002_quest1009_03_04,"$세상과의 차단막이 세워지고, 나의 내면에 오롯히 집중하는…$","$A barrier from the world goes up, and I focus solely inward…$",Normal_npc002_quest1009_03_05,,,stella_02_07,left,TRUE,DialogueBackGround2,,,,,,,,,,,,,,,,,,,,,,,,,,,,,
Normal_npc002_quest1009_03_05,npc002,Stage02,dialogue,speaker_Io,이오,Io,dialogueNormal_npc002_quest1009_03_05,$나의 신경이 가장 날카롭게 세워지는 그런 중요한 정신 집중의 그 순간에…!$,$That crucial moment when my nerves are at their sharpest…!$,Normal_npc002_quest1009_03_06,,,stella_02_07,left,TRUE,DialogueBackGround2,,,,,,,,,,,,,,,,,,,,,,,,,,,,,
Normal_npc002_quest1009_03_06,npc002,Stage02,dialogue,speaker_Io,이오,Io,dialogueNormal_npc002_quest1009_03_06,$…$,$…$,Normal_npc002_quest1009_03_07,,,stella_02_01,left,TRUE,DialogueBackGround2,,,,,,,,,,,,,,,,,,,,,,,,,,,,,
Normal_npc002_quest1009_03_07,npc002,Stage02,end,speaker_Io,이오,Io,dialogueNormal_npc002_quest1009_03_07,$...크리소의 바보같은 목소리가 들려오는 거지.$,$...That’s when Chryso’s foolish voice comes echoing in.$,,,,stella_02_09,left,TRUE,DialogueBackGround2,,,,,,,,,,,,,,,,,,,,,,,,,,,,,
Normal_npc002_quest1010,npc002,Stage02,startchoice,speaker_Io,이오,Io,dialogueNormal_npc002_quest1010,"$안녕, 리비. 무슨 일이야?$","$Hi, Ribby. What’s going on?$",,,,stella_02_01,left,TRUE,DialogueBackGround2,,,,,,,$자기소개$,$자기소개$,$Self-introduction$,Normal_npc002_quest1001_01,$궁금한 것이 있어요.$,$궁금한 것이 있어요.$,$I have a question.$,Normal_npc002_quest1002_01,$혼자서 있을 땐 어떤 걸 하나요?$,$혼자서 있을 땐 어떤 걸 하나요?$,$What do you do when you’re alone?$,Normal_npc002_quest1009_03_01,$대화를 그만두기$,$대화를 그만두기$,$End conversation$,end,quest_cleared:quest1001,quest_cleared:quest1008,,,,,
Normal_npc002_quest1011,npc002,Stage02,startchoice,speaker_Io,이오,Io,dialogueNormal_npc002_quest1011,"$안녕, 리비. 무슨 일이야?$","$Hi, Ribby. What’s going on?$",,,,stella_02_01,left,TRUE,DialogueBackGround2,,,,,,,$자기소개$,$자기소개$,$Self-introduction$,Normal_npc002_quest1001_01,$궁금한 것이 있어요.$,$궁금한 것이 있어요.$,$I have a question.$,Normal_npc002_quest1002_01,$혼자서 있을 땐 어떤 걸 하나요?$,$혼자서 있을 땐 어떤 걸 하나요?$,$What do you do when you’re alone?$,Normal_npc002_quest1009_03_01,$대화를 그만두기$,$대화를 그만두기$,$End conversation$,end,quest_cleared:quest1001,quest_cleared:quest1008,,,,,
Normal_npc002_quest1012,npc002,Stage02,startchoice,speaker_Io,이오,Io,dialogueNormal_npc002_quest1012,"$안녕, 리비. 무슨 일이야?$","$Hi, Ribby. What’s going on?$",,,,stella_02_01,left,TRUE,DialogueBackGround2,,,,,,,$자기소개$,$자기소개$,$Self-introduction$,Normal_npc002_quest1001_01,$궁금한 것이 있어요.$,$궁금한 것이 있어요.$,$I have a question.$,Normal_npc002_quest1002_01,$혼자서 있을 땐 어떤 걸 하나요?$,$혼자서 있을 땐 어떤 걸 하나요?$,$What do you do when you’re alone?$,Normal_npc002_quest1009_03_01,$대화를 그만두기$,$대화를 그만두기$,$End conversation$,end,quest_cleared:quest1001,quest_cleared:quest1008,,,,,
Normal_npc002_quest1013,npc002,Stage02,startchoice,speaker_Io,이오,Io,dialogueNormal_npc002_quest1013,"$안녕, 리비. 무슨 일이야?$","$Hi, Ribby. What’s going on?$",,,,stella_02_01,left,TRUE,DialogueBackGround2,,,,,,,$자기소개$,$자기소개$,$Self-introduction$,Normal_npc002_quest1001_01,$궁금한 것이 있어요.$,$궁금한 것이 있어요.$,$I have a question.$,Normal_npc002_quest1002_01,$혼자서 있을 땐 어떤 걸 하나요?$,$혼자서 있을 땐 어떤 걸 하나요?$,$What do you do when you’re alone?$,Normal_npc002_quest1009_03_01,$대화를 그만두기$,$대화를 그만두기$,$End conversation$,end,quest_cleared:quest1001,quest_cleared:quest1008,,,,,
Normal_npc002_quest1013_Clear,npc002,Stage02,startchoice,speaker_Io,이오,Io,dialogueNormal_npc002_quest1013,"$안녕, 리비. 무슨 일이야?$","$Hi, Ribby. What’s going on?$",,,,stella_02_01,left,TRUE,DialogueBackGround2,,,,,,,$자기소개$,$자기소개$,$Self-introduction$,Normal_npc002_quest1001_01,$궁금한 것이 있어요.$,$궁금한 것이 있어요.$,$I have a question.$,Normal_npc002_quest1002_01,$혼자서 있을 땐 어떤 걸 하나요?$,$혼자서 있을 땐 어떤 걸 하나요?$,$What do you do when you’re alone?$,Normal_npc002_quest1009_03_01,$대화를 그만두기$,$대화를 그만두기$,$End conversation$,end,quest_cleared:quest1001,quest_cleared:quest1008,,,,,
Normal_npc002_quest1014,npc002,Stage02,startchoice,speaker_Io,이오,Io,dialogueNormal_npc002_quest1013,"$안녕, 리비. 무슨 일이야?$","$Hi, Ribby. What’s going on?$",,,,stella_02_01,left,TRUE,DialogueBackGround2,,,,,,,$자기소개$,$자기소개$,$Self-introduction$,Normal_npc002_quest1001_01,$궁금한 것이 있어요.$,$궁금한 것이 있어요.$,$I have a question.$,Normal_npc002_quest1002_01,$혼자서 있을 땐 어떤 걸 하나요?$,$혼자서 있을 땐 어떤 걸 하나요?$,$What do you do when you’re alone?$,Normal_npc002_quest1009_03_01,$대화를 그만두기$,$대화를 그만두기$,$End conversation$,end,quest_cleared:quest1001,quest_cleared:quest1008,,,,,
Normal_npc003_quest2001,npc003,Stage03,startchoice,speaker_Kastro,카스트로,Kastro,dialogueNormal_Normal_npc003_quest2001,$리비! 하고싶은 말 있어?$,$Ribby! Do you have something you want to say?$,,,,stella_03_101,left,TRUE,DialogueBackGround2,,,,,,,$자기소개$,$자기소개$,$Self-introduction$,Normal_npc003_quest2001_01_01,$쌍둥이에 대해서$,$쌍둥이에 대해서$,,,$궁금한 것이 있어요.$,$궁금한 것이 있어요.$,$I have a question.$,,$대화를 그만두기$,$대화를 그만두기$,$End conversation$,end,quest_cleared:quest2002,quest_cleared:quest2003,,,,,
Normal_npc003_quest2001_01_01,npc003,Stage03,dialogue,speaker_Kastro,카스트로,Kastro,dialogueNormal_Normal_npc003_quest2001_01_01,$자기소개? 좋은데?$,$Introduce myself? Sure!$,Normal_npc003_quest2001_01_02,,,stella_03_105,left,TRUE,DialogueBackGround2,,,,,,,,,,,,,,,,,,,,,,,,,,,,,
Normal_npc003_quest2001_01_02,npc003,Stage03,dialogue,speaker_Kastro,카스트로,Kastro,dialogueNormal_Normal_npc003_quest2001_01_02,$안녕하세요~ 쌍둥이 별자리에서 '형'을 담당하고 있는…$,$Hello there~ I’m the one in charge of being the “older brother” in the Gemini constellation…$,Normal_npc003_quest2001_01_03,,,stella_03_104,left,TRUE,DialogueBackGround2,,,,,,,,,,,,,,,,,,,,,,,,,,,,,
Normal_npc003_quest2001_01_03,npc003,Stage03,dialogue,speaker_Kastro,카스트로,Kastro,dialogueNormal_Normal_npc003_quest2001_01_03,$카스트로 라고 합니다!$,$My name is Kastro!$,Normal_npc003_quest2001_01_04,,,stella_03_106,left,TRUE,DialogueBackGround2,,,,,,,,,,,,,,,,,,,,,,,,,,,,,
Normal_npc003_quest2001_01_04,npc003,Stage03,dialogue,speaker_Kastro,카스트로,Kastro,dialogueNormal_Normal_npc003_quest2001_01_04,"$요즘은 꽤나 기분이 좋습니다. 오랜만에 잠에서도 깨어 났고,$","$Lately, I’ve been in quite a good mood. After all, I’ve finally woken up from a long slumber,$",Normal_npc003_quest2001_01_05,,,stella_03_104,left,TRUE,DialogueBackGround2,,,,,,,,,,,,,,,,,,,,,,,,,,,,,
Normal_npc003_quest2001_01_05,npc003,Stage03,dialogue,speaker_Kastro,카스트로,Kastro,dialogueNormal_Normal_npc003_quest2001_01_05,"$여기, 저의 새로운 친구가 리비가 저를 위해 별가루를 만들어 주기 때문이죠!$",$and my new friend Ribby has been making stardust for me!$,Normal_npc003_quest2001,,,stella_03_103,left,TRUE,DialogueBackGround2,,,,,,,,,,,,,,,,,,,,,,,,,,,,,
Normal_npc003_quest2002,npc003,Stage03,startchoice,speaker_Kastro,카스트로,Kastro,dialogueNormal_Normal_npc003_quest2002,$리비! 하고싶은 말 있어?$,$Ribby! Do you have something you want to say?$,,,,stella_03_101,left,TRUE,DialogueBackGround2,,,,,,,$자기소개$,$자기소개$,$Self-introduction$,Normal_npc003_quest2001_01_01,$쌍둥이에 대해서$,$쌍둥이에 대해서$,$About the Twins$,Normal_npc003_quest2003_02_01,$궁금한 것이 있어요.$,$궁금한 것이 있어요.$,$I have a question.$,Normal_npc003_quest2004_03_01,$대화를 그만두기$,$대화를 그만두기$,$End conversation$,end,quest_cleared:quest2002,quest_cleared:quest2003,,,,,
Normal_npc003_quest2003,npc003,Stage03,startchoice,speaker_Kastro,카스트로,Kastro,dialogueNormal_Normal_npc003_quest2003,$리비! 하고싶은 말 있어?$,$Ribby! Do you have something you want to say?$,,,,stella_03_101,left,TRUE,DialogueBackGround2,,,,,,,$자기소개$,$자기소개$,$Self-introduction$,Normal_npc003_quest2001_01_01,$쌍둥이에 대해서$,$쌍둥이에 대해서$,$About the Twins$,Normal_npc003_quest2003_02_01,$궁금한 것이 있어요.$,$궁금한 것이 있어요.$,$I have a question.$,Normal_npc003_quest2004_03_01,$대화를 그만두기$,$대화를 그만두기$,$End conversation$,end,quest_cleared:quest2002,quest_cleared:quest2003,,,,,
Normal_npc003_quest2003_02_01,npc003,Stage03,dialogue,speaker_Kastro,카스트로,Kastro,dialogueNormal_Normal_npc003_quest2003_02_01,"$맞아, 나에겐 소중한 동생이 있어.$","$That’s right, I have a precious younger sister.$",Normal_npc003_quest2003_02_02,,,stella_03_103,left,TRUE,DialogueBackGround2,,,,,,,,,,,,,,,,,,,,,,,,,,,,,
Normal_npc003_quest2003_02_02,npc003,Stage03,dialogue,speaker_Kastro,카스트로,Kastro,dialogueNormal_Normal_npc003_quest2003_02_02,"$쌍둥이 별자리는 나와 동생, 둘이서 하나인 별자리이고…$",$The Gemini constellation is one — made of my sister and me together.$,Normal_npc003_quest2003_02_03,,,stella_03_104,left,TRUE,DialogueBackGround2,,,,,,,,,,,,,,,,,,,,,,,,,,,,,
Normal_npc003_quest2003_02_03,npc003,Stage03,dialogue,speaker_Kastro,카스트로,Kastro,dialogueNormal_Normal_npc003_quest2003_02_03,$우리는 절대로 떨어질 수 없는 운명을 가진 채 태어났지.$,$We were born with a fate that binds us so tightly we can never be apart.$,Normal_npc003_quest2003_02_04,,,stella_03_101,left,TRUE,DialogueBackGround2,,,,,,,,,,,,,,,,,,,,,,,,,,,,,
Normal_npc003_quest2003_02_04,npc003,Stage03,dialogue,speaker_Kastro,카스트로,Kastro,dialogueNormal_Normal_npc003_quest2003_02_04,"$함께 지내고, 함께 생각하고, 함께 나누고…$","$We live together, think together, share everything together…$",Normal_npc003_quest2003_02_05,,,stella_03_100,left,TRUE,DialogueBackGround2,,,,,,,,,,,,,,,,,,,,,,,,,,,,,
Normal_npc003_quest2003_02_05,npc003,Stage03,dialogue,speaker_Kastro,카스트로,Kastro,dialogueNormal_Normal_npc003_quest2003_02_05,$그 누구보다도 가까운 형제라고 할 수 있지.$,$You could say we’re closer than anyone else.$,Normal_npc003_quest2001,,,stella_03_105,left,TRUE,DialogueBackGround2,,,,,,,,,,,,,,,,,,,,,,,,,,,,,
Normal_npc003_quest2004,npc003,Stage03,startchoice,speaker_Kastro,카스트로,Kastro,dialogueNormal_Normal_npc003_quest2004,$리비! 하고싶은 말 있어?$,$Ribby! Do you have something you want to say?$,,,,stella_03_101,left,TRUE,DialogueBackGround2,,,,,,,$자기소개$,$자기소개$,$Self-introduction$,Normal_npc003_quest2001_01_01,$쌍둥이에 대해서$,$쌍둥이에 대해서$,$About the Twins$,Normal_npc003_quest2003_02_01,$궁금한 것이 있어요.$,$궁금한 것이 있어요.$,$I have a question.$,Normal_npc003_quest2004_03_01,$대화를 그만두기$,$대화를 그만두기$,$End conversation$,end,quest_cleared:quest2002,quest_cleared:quest2003,,,,,
Normal_npc003_quest2004_03_01,npc003,Stage03,startchoice,speaker_Kastro,카스트로,Kastro,dialogueNormal_Normal_npc003_quest2004_03_01,$얼마든지! 서로에 대해 알아가는 것 만큼 좋은 게 없지.$,$Of course! There’s nothing better than getting to know each other.$,,,,stella_03_100,left,TRUE,DialogueBackGround2,,,,,,,$별가루에 대해서$,$별가루에 대해서$,,Normal_npc003_quest2004_03_01_01,$동생에게 무슨 일이 있었나요?$,$동생에게 무슨 일이 있었나요?$,$What happened to your sister?$,Normal_npc003_quest2006_03_02_01_01,$마음을 전하는 방법$,$마음을 전하는 방법$,$How to Express Feelings$,Normal_npc003_quest2008_03_01,$돌아가기$,$돌아가기$,$Go back$,Normal_npc003_quest2001,quest_cleared:quest2005,quest_cleared:quest2007,,,,,
Normal_npc003_quest2004_03_02,npc003,Stage03,startchoice,speaker_Kastro,카스트로,Kastro,dialogueNormal_Normal_npc003_quest2004_03_02,$더 궁금한 거 있어?$,$Do you have any more questions?$,,,,stella_03_100,left,TRUE,DialogueBackGround2,,,,,,,$별가루에 대해서$,$별가루에 대해서$,,Normal_npc003_quest2004_03_01_01,$동생에게 무슨 일이 있었나요?$,$동생에게 무슨 일이 있었나요?$,$What happened to your sister?$,Normal_npc003_quest2006_03_02_01_01,$마음을 전하는 방법$,$마음을 전하는 방법$,$How to Express Feelings$,Normal_npc003_quest2008_03_01,$돌아가기$,$돌아가기$,$Go back$,Normal_npc003_quest2001,quest_cleared:quest2005,quest_cleared:quest2007,,,,,
Normal_npc003_quest2004_03_01_01,npc003,Stage03,dialogue,speaker_Kastro,카스트로,Kastro,dialogueNormal_Normal_npc003_quest2004_03_01_01,$아하~ 너도 별가루에 관심이 있는 거구나?$,"$Ah, you’re interested in stardust too?$",Normal_npc003_quest2004_03_01_02,,,stella_03_106,left,TRUE,DialogueBackGround2,,,,,,,,,,,,,,,,,,,,,,,,,,,,,
Normal_npc003_quest2004_03_01_02,npc003,Stage03,dialogue,speaker_Kastro,카스트로,Kastro,dialogueNormal_Normal_npc003_quest2004_03_01_02,"$아쉽지만, 별자리가 아니라면 별가루에 아무런 효과가 없을 거야.$","$Unfortunately, if you’re not a constellation, stardust doesn’t have any special effects.$",Normal_npc003_quest2004_03_01_03,,,stella_03_100,left,TRUE,DialogueBackGround2,,,,,,,,,,,,,,,,,,,,,,,,,,,,,
Normal_npc003_quest2004_03_01_03,npc003,Stage03,dialogue,speaker_Kastro,카스트로,Kastro,dialogueNormal_Normal_npc003_quest2004_03_01_03,$이건 이름 그대로 '별가루'.$,$It’s exactly what it sounds like — “stardust.”$,Normal_npc003_quest2004_03_01_04,,,stella_03_102,left,TRUE,DialogueBackGround2,,,,,,,,,,,,,,,,,,,,,,,,,,,,,
Normal_npc003_quest2004_03_01_04,npc003,Stage03,dialogue,speaker_Kastro,카스트로,Kastro,dialogueNormal_Normal_npc003_quest2004_03_01_04,"$리비 너에겐 그저 돌멩이, 암석 가루일 뿐 일걸.$","$For you, Ribby, it’s probably just pebbles or powdered rock.$",Normal_npc003_quest2004_03_01_05,,,stella_03_101,left,TRUE,DialogueBackGround2,,,,,,,,,,,,,,,,,,,,,,,,,,,,,
Normal_npc003_quest2004_03_01_05,npc003,Stage03,dialogue,speaker_Kastro,카스트로,Kastro,dialogueNormal_Normal_npc003_quest2004_03_01_05,"$그래서 말인데, 별꿀은 돌멩이라는 것 치고 굉장히 맛있어 보이지 않아?$","$But you know, star nectar looks delicious for something that’s technically a stone, doesn’t it?$",Normal_npc003_quest2004_03_01_06,,,stella_03_103,left,TRUE,DialogueBackGround2,,,,,,,,,,,,,,,,,,,,,,,,,,,,,
Normal_npc003_quest2004_03_01_06,npc003,Stage03,dialogue,speaker_Kastro,카스트로,Kastro,dialogueNormal_Normal_npc003_quest2004_03_01_06,$나도 이걸 먹지는 않아.$,"$I don’t eat it myself, though.$",Normal_npc003_quest2004_03_01_07,,,stella_03_104,left,TRUE,DialogueBackGround2,,,,,,,,,,,,,,,,,,,,,,,,,,,,,
Normal_npc003_quest2004_03_01_07,npc003,Stage03,dialogue,speaker_Kastro,카스트로,Kastro,dialogueNormal_Normal_npc003_quest2004_03_01_07,$정확히 말하자면… 먹는 것보단…$,$To be precise… rather than eating it…$,Normal_npc003_quest2004_03_01_08,,,stella_03_102,left,TRUE,DialogueBackGround2,,,,,,,,,,,,,,,,,,,,,,,,,,,,,
Normal_npc003_quest2004_03_01_08,npc003,Stage03,dialogue,speaker_Kastro,카스트로,Kastro,dialogueNormal_Normal_npc003_quest2004_03_01_08,$…$,$…$,Normal_npc003_quest2004_03_01_09,,,stella_03_108,left,TRUE,DialogueBackGround2,,,,,,,,,,,,,,,,,,,,,,,,,,,,,
Normal_npc003_quest2004_03_01_09,npc003,Stage03,dialogue,speaker_Kastro,카스트로,Kastro,dialogueNormal_Normal_npc003_quest2004_03_01_09,"$이를테면, 흡수하는 것에 가깝지…$",$It’s more like… absorbing it.$,Normal_npc003_quest2004_03_01_10,,,stella_03_110,left,TRUE,DialogueBackGround2,,,,,,,,,,,,,,,,,,,,,,,,,,,,,
Normal_npc003_quest2004_03_01_10,npc003,Stage03,dialogue,speaker_Kastro,카스트로,Kastro,dialogueNormal_Normal_npc003_quest2004_03_01_10,$이게 맞는 표현일까?$,$Would that be the right way to say it?$,Normal_npc003_quest2004_03_02,,,stella_03_110,left,TRUE,DialogueBackGround2,,,,,,,,,,,,,,,,,,,,,,,,,,,,,
Normal_npc003_quest2005,npc003,Stage03,startchoice,speaker_Kastro,카스트로,Kastro,dialogueNormal_Normal_npc003_quest2005,$리비! 하고싶은 말 있어?$,$Ribby! Do you have something you want to say?$,,,,stella_03_101,left,TRUE,DialogueBackGround2,,,,,,,$자기소개$,$자기소개$,$Self-introduction$,Normal_npc003_quest2001_01_01,$쌍둥이에 대해서$,$쌍둥이에 대해서$,$About the Twins$,Normal_npc003_quest2003_02_01,$궁금한 것이 있어요.$,$궁금한 것이 있어요.$,$I have a question.$,Normal_npc003_quest2004_03_01,$대화를 그만두기$,$대화를 그만두기$,$End conversation$,end,quest_cleared:quest2002,quest_cleared:quest2003,,,,,
Normal_npc003_quest2006,npc003,Stage03,startchoice,speaker_Kastro,카스트로,Kastro,dialogueNormal_Normal_npc003_quest2006,$리비! 하고싶은 말 있어?$,$Ribby! Do you have something you want to say?$,,,,stella_03_101,left,TRUE,DialogueBackGround2,,,,,,,$자기소개$,$자기소개$,$Self-introduction$,Normal_npc003_quest2001_01_01,$쌍둥이에 대해서$,$쌍둥이에 대해서$,$About the Twins$,Normal_npc003_quest2003_02_01,$궁금한 것이 있어요.$,$궁금한 것이 있어요.$,$I have a question.$,Normal_npc003_quest2004_03_01,$대화를 그만두기$,$대화를 그만두기$,$End conversation$,end,quest_cleared:quest2002,quest_cleared:quest2003,,,,,
Normal_npc003_quest2006_03_02_01,npc003,Stage03,startchoice,speaker_Kastro,카스트로,Kastro,dialogueNormal_Normal_npc003_quest2006_03_02_01,$…$,$…$,,,,stella_03_101,left,TRUE,DialogueBackGround2,,,,,,,$그래서 무슨 일이?!$,$그래서 무슨 일이?!$,,Normal_npc003_quest2006_03_02_02_01,,,,,,,,,$돌아가기$,$돌아가기$,$Go back$,Normal_npc003_quest2004_03_02,,,,,,,
Normal_npc003_quest2006_03_02_01_01,npc003,Stage03,dialogue,speaker_Kastro,카스트로,Kastro,dialogueNormal_Normal_npc003_quest2006_03_02_01_01,"$사실, 동생은 밖으로 나오길 거부하기 전부터…$","$Actually, before my sister completely refused to come outside…$",Normal_npc003_quest2006_03_02_01_02,,,stella_03_108,left,TRUE,DialogueBackGround2,,,,,,,,,,,,,,,,,,,,,,,,,,,,,
Normal_npc003_quest2006_03_02_01_02,npc003,Stage03,dialogue,speaker_Kastro,카스트로,Kastro,dialogueNormal_Normal_npc003_quest2006_03_02_01_02,$밖으로 나오는 것 자체를 별로 좋아하지 않았어.$,$She never really liked going out much to begin with.$,Normal_npc003_quest2006_03_02_01_03,,,stella_03_108,left,TRUE,DialogueBackGround2,,,,,,,,,,,,,,,,,,,,,,,,,,,,,
Normal_npc003_quest2006_03_02_01_03,npc003,Stage03,dialogue,speaker_Kastro,카스트로,Kastro,dialogueNormal_Normal_npc003_quest2006_03_02_01_03,"$혼자서 사색에 잠기거나, 명상을 하거나. 혼자 조용히 지내는 시간이 많았지.$",$She often spent time lost in thought or meditating alone. She preferred quiet solitude.$,Normal_npc003_quest2006_03_02_01_04,,,stella_03_102,left,TRUE,DialogueBackGround2,,,,,,,,,,,,,,,,,,,,,,,,,,,,,
Normal_npc003_quest2006_03_02_01_04,npc003,Stage03,dialogue,speaker_Kastro,카스트로,Kastro,dialogueNormal_Normal_npc003_quest2006_03_02_01_04,"$문제는, 그런 성향을 가진 사람들은 대체로 우울한 기분도 오래 간다는 거야.$","$The problem is, people with that kind of nature tend to stay sad for a long time too.$",Normal_npc003_quest2006_03_02_01_05,,,stella_03_109,left,TRUE,DialogueBackGround2,,,,,,,,,,,,,,,,,,,,,,,,,,,,,
Normal_npc003_quest2006_03_02_01_05,npc003,Stage03,dialogue,speaker_Kastro,카스트로,Kastro,dialogueNormal_Normal_npc003_quest2006_03_02_01_05,$이전에 말한 적이 있듯이… 우리의 관계는 복잡해.$,$As I mentioned before… our relationship is complicated.$,Normal_npc003_quest2006_03_02_01_06,,,stella_03_108,left,TRUE,DialogueBackGround2,,,,,,,,,,,,,,,,,,,,,,,,,,,,,
Normal_npc003_quest2006_03_02_01_06,npc003,Stage03,dialogue,speaker_Kastro,카스트로,Kastro,dialogueNormal_Normal_npc003_quest2006_03_02_01_06,$우리는 둘이서 하나야. $,"$We are two, yet we are one.$",Normal_npc003_quest2006_03_02_01_07,,,stella_03_108,left,TRUE,DialogueBackGround2,,,,,,,,,,,,,,,,,,,,,,,,,,,,,
Normal_npc003_quest2006_03_02_01_07,npc003,Stage03,dialogue,speaker_Kastro,카스트로,Kastro,dialogueNormal_Normal_npc003_quest2006_03_02_01_07,$동생의 기분은 곧 나의 기분이 되기도 해.$,$Her emotions often become my emotions as well.$,Normal_npc003_quest2006_03_02_01_08,,,stella_03_108,left,TRUE,DialogueBackGround2,,,,,,,,,,,,,,,,,,,,,,,,,,,,,
Normal_npc003_quest2006_03_02_01_08,npc003,Stage03,dialogue,speaker_Kastro,카스트로,Kastro,dialogueNormal_Normal_npc003_quest2006_03_02_01_08,$…나는 동생이 그렇게 오래 슬퍼하는 걸 두고 볼 수 없었어.$,$…I couldn’t just sit and watch her be sad for so long.$,Normal_npc003_quest2004_03_02,Normal_npc003_quest2006_03_02_01,quest_cleared:quest2005,stella_03_109,left,TRUE,DialogueBackGround2,,,,,,,,,,,,,,,,,,,,,,,,,,,,,
Normal_npc003_quest2006_03_02_02_01,npc003,Stage03,dialogue,speaker_Kastro,카스트로,Kastro,dialogueNormal_Normal_npc003_quest2006_03_02_02_01,$그냥… 동생에게 매일 말을 걸었어.$,$So I simply talked to her every day.$,Normal_npc003_quest2006_03_02_02_02,,,stella_03_102,left,TRUE,DialogueBackGround2,,,,,,,,,,,,,,,,,,,,,,,,,,,,,
Normal_npc003_quest2006_03_02_02_02,npc003,Stage03,dialogue,speaker_Kastro,카스트로,Kastro,dialogueNormal_Normal_npc003_quest2006_03_02_02_02,"$오늘은 어땠는지, 내일은 무엇을 할 건지.$","$How her day was, what she planned for tomorrow.$",Normal_npc003_quest2006_03_02_02_03,,,stella_03_102,left,TRUE,DialogueBackGround2,,,,,,,,,,,,,,,,,,,,,,,,,,,,,
Normal_npc003_quest2006_03_02_02_03,npc003,Stage03,dialogue,speaker_Kastro,카스트로,Kastro,dialogueNormal_Normal_npc003_quest2006_03_02_02_03,"$도중에는 마음이 급해 져서, 동생을 밖으로 끌어내기 위한 말들을 했지.$","$At times, I got impatient and said things to push her to come outside.$",Normal_npc003_quest2006_03_02_02_04,,,stella_03_109,left,TRUE,DialogueBackGround2,,,,,,,,,,,,,,,,,,,,,,,,,,,,,
Normal_npc003_quest2006_03_02_02_04,npc003,Stage03,dialogue,speaker_Kastro,카스트로,Kastro,dialogueNormal_Normal_npc003_quest2006_03_02_02_04,"$사람들이 널 기다리고 있다고, 언제까지 그렇고만 있을 수는 없다고…$","$I told her that people were waiting for her, that she couldn’t stay like that forever…$",Normal_npc003_quest2006_03_02_02_05,,,stella_03_108,left,TRUE,DialogueBackGround2,,,,,,,,,,,,,,,,,,,,,,,,,,,,,
Normal_npc003_quest2006_03_02_02_05,npc003,Stage03,dialogue,speaker_Kastro,카스트로,Kastro,dialogueNormal_Normal_npc003_quest2006_03_02_02_05,$…$,$…$,Normal_npc003_quest2006_03_02_02_06,,,stella_03_109,left,TRUE,DialogueBackGround2,,,,,,,,,,,,,,,,,,,,,,,,,,,,,
Normal_npc003_quest2006_03_02_02_06,npc003,Stage03,dialogue,speaker_Kastro,카스트로,Kastro,dialogueNormal_Normal_npc003_quest2006_03_02_02_06,"$어쩌면, 조용히 기다려 주는 게 맞았던 걸지도 모르겠네.$",$Maybe… waiting quietly would’ve been the right thing to do.$,Normal_npc003_quest2006_03_02_02_07,,,stella_03_108,left,TRUE,DialogueBackGround2,,,,,,,,,,,,,,,,,,,,,,,,,,,,,
Normal_npc003_quest2006_03_02_02_07,npc003,Stage03,dialogue,speaker_Kastro,카스트로,Kastro,dialogueNormal_Normal_npc003_quest2006_03_02_02_07,$하지만 한편으로는… 꾹 참고 혼자만의 시간을 주는 걸…$,$But on the other hand… could I have really been patient enough to just give her time alone forever?$,Normal_npc003_quest2006_03_02_02_08,,,stella_03_108,left,TRUE,DialogueBackGround2,,,,,,,,,,,,,,,,,,,,,,,,,,,,,
Normal_npc003_quest2006_03_02_02_08,npc003,Stage03,dialogue,speaker_Kastro,카스트로,Kastro,dialogueNormal_Normal_npc003_quest2006_03_02_02_08,"$나는 언제까지고 인내심 있게 할 수 있었을까, 하는 생각이 들기도 해.$",$Sometimes I wonder.$,Normal_npc003_quest2006_03_02_02_09,,,stella_03_109,left,TRUE,DialogueBackGround2,,,,,,,,,,,,,,,,,,,,,,,,,,,,,
Normal_npc003_quest2006_03_02_02_09,npc003,Stage03,dialogue,speaker_Kastro,카스트로,Kastro,dialogueNormal_Normal_npc003_quest2006_03_02_02_09,$나는 어떻게 해야 했던 걸까…$,$What should I have done…?$,Normal_npc003_quest2004_03_02,,,stella_03_109,left,TRUE,DialogueBackGround2,,,,,,,,,,,,,,,,,,,,,,,,,,,,,
Normal_npc003_quest2007,npc003,Stage03,startchoice,speaker_Kastro,카스트로,Kastro,dialogueNormal_Normal_npc003_quest2007,$리비! 하고싶은 말 있어?$,$Ribby! Do you have something you want to say?$,,,,stella_03_101,left,TRUE,DialogueBackGround2,,,,,,,$자기소개$,$자기소개$,$Self-introduction$,Normal_npc003_quest2001_01_01,$쌍둥이에 대해서$,$쌍둥이에 대해서$,$About the Twins$,Normal_npc003_quest2003_02_01,$궁금한 것이 있어요.$,$궁금한 것이 있어요.$,$I have a question.$,Normal_npc003_quest2004_03_01,$대화를 그만두기$,$대화를 그만두기$,$End conversation$,end,quest_cleared:quest2002,quest_cleared:quest2003,,,,,
Normal_npc003_quest2008,npc003,Stage03,startchoice,speaker_Kastro,카스트로,Kastro,dialogueNormal_Normal_npc003_quest2008,$리비! 하고싶은 말 있어?$,$Ribby! Do you have something you want to say?$,,,,stella_03_101,left,TRUE,DialogueBackGround2,,,,,,,$자기소개$,$자기소개$,$Self-introduction$,Normal_npc003_quest2001_01_01,$쌍둥이에 대해서$,$쌍둥이에 대해서$,$About the Twins$,Normal_npc003_quest2003_02_01,$궁금한 것이 있어요.$,$궁금한 것이 있어요.$,$I have a question.$,Normal_npc003_quest2004_03_01,$대화를 그만두기$,$대화를 그만두기$,$End conversation$,end,quest_cleared:quest2002,quest_cleared:quest2003,,,,,
Normal_npc003_quest2008_03_01,npc003,Stage03,dialogue,speaker_Kastro,카스트로,Kastro,dialogueNormal_Normal_npc003_quest2008_03_01,$마음을 전하는 방법…?$,$How to express feelings…?$,Normal_npc003_quest2008_03_02,,,stella_03_102,left,TRUE,DialogueBackGround2,,,,,,,,,,,,,,,,,,,,,,,,,,,,,
Normal_npc003_quest2008_03_02,npc003,Stage03,dialogue,speaker_Kastro,카스트로,Kastro,dialogueNormal_Normal_npc003_quest2008_03_02,$단순히 동생과 대화를 나누는 것 이외의 특별한 방법을 찾아야 하는 걸까.$,"$Maybe I need to find a special way to express myself to my sister, beyond just talking.$",Normal_npc003_quest2008_03_03,,,stella_03_102,left,TRUE,DialogueBackGround2,,,,,,,,,,,,,,,,,,,,,,,,,,,,,
Normal_npc003_quest2008_03_03,npc003,Stage03,dialogue,speaker_Kastro,카스트로,Kastro,dialogueNormal_Normal_npc003_quest2008_03_03,$이건… 한번도 생각해 본 적이 없는 걸.$,$Hmm… that’s something I’ve never thought about before.$,Normal_npc003_quest2008_03_04,,,stella_03_100,left,TRUE,DialogueBackGround2,,,,,,,,,,,,,,,,,,,,,,,,,,,,,
Normal_npc003_quest2008_03_04,npc003,Stage03,dialogue,speaker_Kastro,카스트로,Kastro,dialogueNormal_Normal_npc003_quest2008_03_04,$편지를 쓴다던가… 선물을 한다던가…?$,"$Writing her a letter… or giving her a gift, maybe…?$",Normal_npc003_quest2008_03_05,,,stella_03_101,left,TRUE,DialogueBackGround2,,,,,,,,,,,,,,,,,,,,,,,,,,,,,
Normal_npc003_quest2008_03_05,npc003,Stage03,dialogue,speaker_Kastro,카스트로,Kastro,dialogueNormal_Normal_npc003_quest2008_03_05,$흐으음…$,$Hmm…$,Normal_npc003_quest2008_03_06,,,stella_03_103,left,TRUE,DialogueBackGround2,,,,,,,,,,,,,,,,,,,,,,,,,,,,,
Normal_npc003_quest2008_03_06,npc003,Stage03,dialogue,speaker_Kastro,카스트로,Kastro,dialogueNormal_Normal_npc003_quest2008_03_06,"$으응? 방법보다는, 태도가 중요한 거라고?$",$Huh? You think attitude matters more than the method?$,Normal_npc003_quest2008_03_07,,,stella_03_102,left,TRUE,DialogueBackGround2,,,,,,,,,,,,,,,,,,,,,,,,,,,,,
Normal_npc003_quest2008_03_07,npc003,Stage03,dialogue,speaker_Kastro,카스트로,Kastro,dialogueNormal_Normal_npc003_quest2008_03_07,$역시… 그런 건가…$,$Yeah… maybe you’re right.$,Normal_npc003_quest2008_03_08,,,stella_03_102,left,TRUE,DialogueBackGround2,,,,,,,,,,,,,,,,,,,,,,,,,,,,,
Normal_npc003_quest2008_03_08,npc003,Stage03,dialogue,speaker_Kastro,카스트로,Kastro,dialogueNormal_Normal_npc003_quest2008_03_08,"$뭐, 여러가지 시도도 해 보고, 노랙해 봐야 겠지.$","$Well, I guess I’ll have to try different things and see what works.$",Normal_npc003_quest2008_03_09,,,stella_03_104,left,TRUE,DialogueBackGround2,,,,,,,,,,,,,,,,,,,,,,,,,,,,,
Normal_npc003_quest2008_03_09,npc003,Stage03,dialogue,speaker_Kastro,카스트로,Kastro,dialogueNormal_Normal_npc003_quest2008_03_09,"$조언 고마워, 리비.$","$Thanks for the advice, Ribby.$",Normal_npc003_quest2001,,,stella_03_106,left,TRUE,DialogueBackGround2,,,,,,,,,,,,,,,,,,,,,,,,,,,,,
Normal_npc004_quest2009,npc004,Stage03,startchoice,speaker_Pollo,폴로,Pollo,dialogueNormal_Normal_npc004_quest2009,$…$,$…$,,,,stella_03_101,left,TRUE,DialogueBackGround2,,,,,,,$자기소개$,$자기소개$,$Self-introduction$,Normal_npc004_quest2009_01,$카스트로는 어디에?$,$카스트로는 어디에?$,$Where is Kastro?$,Normal_npc004_quest2011_02_01,$…$,$…$,$…$,Normal_npc004_quest2013_03_01,$대화를 그만두기$,$대화를 그만두기$,$End conversation$,end,quest_cleared:quest2010,quest_cleared:quest2012,,,,,
Normal_npc004_quest2009_01,npc003,Stage03,dialogue,speaker_Pollo,폴로,Pollo,dialogueNormal_Normal_npc004_quest2009_01,$…$,$…$,Normal_npc004_quest2009_02,,,stella_03_200,left,TRUE,DialogueBackGround2,,,,,,,,,,,,,,,,,,,,,,,,,,,,,
Normal_npc004_quest2009_02,npc003,Stage03,dialogue,speaker_Pollo,폴로,Pollo,dialogueNormal_Normal_npc004_quest2009_02,$어… 안녕.$,$Um… hello.$,Normal_npc004_quest2009_03,,,stella_03_207,left,TRUE,DialogueBackGround2,,,,,,,,,,,,,,,,,,,,,,,,,,,,,
Normal_npc004_quest2009_03,npc003,Stage03,dialogue,speaker_Pollo,폴로,Pollo,dialogueNormal_Normal_npc004_quest2009_03,"$쌍둥이 별자리, 폴로 라고 해.$","$I’m Pollo, from the Gemini constellation.$",Normal_npc004_quest2009_04,,,stella_03_207,left,TRUE,DialogueBackGround2,,,,,,,,,,,,,,,,,,,,,,,,,,,,,
Normal_npc004_quest2009_04,npc003,Stage03,dialogue,speaker_Pollo,폴로,Pollo,dialogueNormal_Normal_npc004_quest2009_04,$…$,$…$,Normal_npc004_quest2009_05,,,stella_03_206,left,TRUE,DialogueBackGround2,,,,,,,,,,,,,,,,,,,,,,,,,,,,,
Normal_npc004_quest2009_05,npc003,Stage03,dialogue,speaker_Pollo,폴로,Pollo,dialogueNormal_Normal_npc004_quest2009_05,$카스트로의 동생이야.$,$I’m Kastro’s younger sister.$,Normal_npc004_quest2009,Normal_npc004_quest2010_01_01,quest_cleared:quest2009,stella_03_207,left,TRUE,DialogueBackGround2,,,,,,,,,,,,,,,,,,,,,,,,,,,,,
Normal_npc004_quest2010,npc004,Stage03,startchoice,speaker_Pollo,폴로,Pollo,dialogueNormal_Normal_npc004_quest2010,$…$,$…$,,,,stella_03_101,left,TRUE,DialogueBackGround2,,,,,,,$자기소개$,$자기소개$,$Self-introduction$,Normal_npc004_quest2009_01,$카스트로는 어디에?$,$카스트로는 어디에?$,$Where is Kastro?$,Normal_npc004_quest2011_02_01,$…$,$…$,$…$,Normal_npc004_quest2013_03_01,$대화를 그만두기$,$대화를 그만두기$,$End conversation$,end,quest_cleared:quest2010,quest_cleared:quest2012,,,,,
Normal_npc004_quest2010_01_01,npc003,Stage03,startchoice,speaker_Pollo,폴로,Pollo,dialogueNormal_Normal_npc004_quest2010_01_01,$…$,$…$,,,,stella_03_101,left,TRUE,DialogueBackGround2,,,,,,,$만나서 반가워요!!$,$만나서 반가워요!!$,$Nice to meet you!!$,Normal_npc004_quest2010_01_01_01,,,,,,,,,$돌아가기$,$돌아가기$,$Go back$,,,,,,,,
Normal_npc004_quest2010_01_01_01,npc003,Stage03,dialogue,speaker_Pollo,폴로,Pollo,dialogueNormal_Normal_npc004_quest2010_01_01_01,"$…어, 응.$","$…Uh, yeah.$",Normal_npc004_quest2010_01_01_02,,,stella_03_207,left,TRUE,DialogueBackGround2,,,,,,,,,,,,,,,,,,,,,,,,,,,,,
Normal_npc004_quest2010_01_01_02,npc003,Stage03,dialogue,speaker_Pollo,폴로,Pollo,dialogueNormal_Normal_npc004_quest2010_01_01_02,$…$,$…$,Normal_npc004_quest2010_01_01_03,,,stella_03_206,left,TRUE,DialogueBackGround2,,,,,,,,,,,,,,,,,,,,,,,,,,,,,
Normal_npc004_quest2010_01_01_03,npc003,Stage03,dialogue,speaker_Pollo,폴로,Pollo,dialogueNormal_Normal_npc004_quest2010_01_01_03,"$…저기, 미, 미안.$","$Um, s-sorry.$",Normal_npc004_quest2010_01_01_04,,,stella_03_207,left,TRUE,DialogueBackGround2,,,,,,,,,,,,,,,,,,,,,,,,,,,,,
Normal_npc004_quest2010_01_01_04,npc003,Stage03,dialogue,speaker_Pollo,폴로,Pollo,dialogueNormal_Normal_npc004_quest2010_01_01_04,$무슨 말을 해야 할 지… 잘 모르겠어서…$,$I don’t really know what to say…$,Normal_npc004_quest2010_01_01_05,,,stella_03_207,left,TRUE,DialogueBackGround2,,,,,,,,,,,,,,,,,,,,,,,,,,,,,
Normal_npc004_quest2010_01_01_05,npc003,Stage03,dialogue,speaker_Pollo,폴로,Pollo,dialogueNormal_Normal_npc004_quest2010_01_01_05,$…나도 반가워.$,$…Nice to meet you.$,Normal_npc004_quest2009,,,stella_03_204,left,TRUE,DialogueBackGround2,,,,,,,,,,,,,,,,,,,,,,,,,,,,,
Normal_npc004_quest2011,npc004,Stage03,startchoice,speaker_Pollo,폴로,Pollo,dialogueNormal_Normal_npc004_quest2011,$…$,$…$,,,,stella_03_101,left,TRUE,DialogueBackGround2,,,,,,,$자기소개$,$자기소개$,$Self-introduction$,Normal_npc004_quest2009_01,$카스트로는 어디에?$,$카스트로는 어디에?$,$Where is Kastro?$,Normal_npc004_quest2011_02_01,$…$,$…$,$…$,Normal_npc004_quest2013_03_01,$대화를 그만두기$,$대화를 그만두기$,$End conversation$,end,quest_cleared:quest2010,quest_cleared:quest2012,,,,,
Normal_npc004_quest2011_02_01,npc003,Stage03,dialogue,speaker_Pollo,폴로,Pollo,dialogueNormal_Normal_npc004_quest2011_02_01,$…형이 모르는 사실이 하나 있어.$,$…There’s something my brother doesn’t know.$,Normal_npc004_quest2011_02_02,,,stella_03_202,left,TRUE,DialogueBackGround2,,,,,,,,,,,,,,,,,,,,,,,,,,,,,
Normal_npc004_quest2011_02_02,npc003,Stage03,dialogue,speaker_Pollo,폴로,Pollo,dialogueNormal_Normal_npc004_quest2011_02_02,$나는 언제든지 형의 '자리'를 뺏을 수 있어.$,$I can take my brother’s ‘place’ anytime I want.$,Normal_npc004_quest2011_02_03,,,stella_03_203,left,TRUE,DialogueBackGround2,,,,,,,,,,,,,,,,,,,,,,,,,,,,,
Normal_npc004_quest2011_02_03,npc003,Stage03,dialogue,speaker_Pollo,폴로,Pollo,dialogueNormal_Normal_npc004_quest2011_02_03,$형은... 자신의 자리가 뺏겼다는 것조차 눈치채지 못하지.$,$He… doesn’t even realize when his place has been taken.$,Normal_npc004_quest2011_02_04,,,stella_03_204,left,TRUE,DialogueBackGround2,,,,,,,,,,,,,,,,,,,,,,,,,,,,,
Normal_npc004_quest2011_02_04,npc003,Stage03,dialogue,speaker_Pollo,폴로,Pollo,dialogueNormal_Normal_npc004_quest2011_02_04,$지금이 그런 상태야.$,$That’s what’s happening right now.$,Normal_npc004_quest2011_02_05,,,stella_03_204,left,TRUE,DialogueBackGround2,,,,,,,,,,,,,,,,,,,,,,,,,,,,,
Normal_npc004_quest2011_02_05,npc003,Stage03,dialogue,speaker_Pollo,폴로,Pollo,dialogueNormal_Normal_npc004_quest2011_02_05,"$…내가 말해주지 않으면, 형은 영원히 모를 거야.$","$…If I don’t tell him, he’ll never know.$",Normal_npc004_quest2011_02_06,,,stella_03_205,left,TRUE,DialogueBackGround2,,,,,,,,,,,,,,,,,,,,,,,,,,,,,
Normal_npc004_quest2011_02_06,npc003,Stage03,dialogue,speaker_Pollo,폴로,Pollo,dialogueNormal_Normal_npc004_quest2011_02_06,$절대로…$,$Never…$,Normal_npc004_quest2011_02_07,,,stella_03_205,left,TRUE,DialogueBackGround2,,,,,,,,,,,,,,,,,,,,,,,,,,,,,
Normal_npc004_quest2011_02_07,npc003,Stage03,dialogue,speaker_Pollo,폴로,Pollo,dialogueNormal_Normal_npc004_quest2011_02_07,$…$,$…$,Normal_npc004_quest2011_02_08,,,stella_03_205,left,TRUE,DialogueBackGround2,,,,,,,,,,,,,,,,,,,,,,,,,,,,,
Normal_npc004_quest2011_02_08,npc003,Stage03,dialogue,speaker_Pollo,폴로,Pollo,dialogueNormal_Normal_npc004_quest2011_02_08,$…...$,$…...$,Normal_npc004_quest2011_02_09,,,stella_03_205,left,TRUE,DialogueBackGround2,,,,,,,,,,,,,,,,,,,,,,,,,,,,,
Normal_npc004_quest2011_02_09,npc003,Stage03,dialogue,speaker_Pollo,폴로,Pollo,dialogueNormal_Normal_npc004_quest2011_02_09,$설마 형도…?$,$Could it be… my brother too…?$,Normal_npc004_quest2009,,,stella_03_208,left,TRUE,DialogueBackGround2,,,,,,,,,,,,,,,,,,,,,,,,,,,,,
Normal_npc004_quest2012,npc004,Stage03,startchoice,speaker_Pollo,폴로,Pollo,dialogueNormal_Normal_npc004_quest2012,$…$,$…$,,,,stella_03_101,left,TRUE,DialogueBackGround2,,,,,,,$자기소개$,$자기소개$,$Self-introduction$,Normal_npc004_quest2009_01,$카스트로는 어디에?$,$카스트로는 어디에?$,$Where is Kastro?$,Normal_npc004_quest2011_02_01,$…$,$…$,$…$,Normal_npc004_quest2013_03_01,$대화를 그만두기$,$대화를 그만두기$,$End conversation$,end,quest_cleared:quest2010,quest_cleared:quest2012,,,,,
Normal_npc004_quest2013,npc004,Stage03,startchoice,speaker_Pollo,폴로,Pollo,dialogueNormal_Normal_npc004_quest2013,$…$,$…$,,,,stella_03_101,left,TRUE,DialogueBackGround2,,,,,,,$자기소개$,$자기소개$,$Self-introduction$,Normal_npc004_quest2009_01,$카스트로는 어디에?$,$카스트로는 어디에?$,$Where is Kastro?$,Normal_npc004_quest2011_02_01,$…$,$…$,$…$,Normal_npc004_quest2013_03_01,$대화를 그만두기$,$대화를 그만두기$,$End conversation$,end,quest_cleared:quest2010,quest_cleared:quest2012,,,,,
Normal_npc004_quest2013_03_01,npc003,Stage03,dialogue,speaker_Pollo,폴로,Pollo,dialogueNormal_Normal_npc004_quest2013_03_01,$…$,$…$,Normal_npc004_quest2013_03_02,,,stella_03_200,left,TRUE,DialogueBackGround2,,,,,,,,,,,,,,,,,,,,,,,,,,,,,
Normal_npc004_quest2013_03_02,npc003,Stage03,dialogue,speaker_Pollo,폴로,Pollo,dialogueNormal_Normal_npc004_quest2013_03_02,"$나도, 남들이 모르는… 나의 친구가 있어.$",$I also have… a friend no one else knows about.$,Normal_npc004_quest2013_03_03,,,stella_03_201,left,TRUE,DialogueBackGround2,,,,,,,,,,,,,,,,,,,,,,,,,,,,,
Normal_npc004_quest2013_03_03,npc003,Stage03,dialogue,speaker_Pollo,폴로,Pollo,dialogueNormal_Normal_npc004_quest2013_03_03,$어쩌다 만나게 되었는데… 말이 잘 통하는 것 같았어.$,$We met by chance… but we seemed to get along really well.$,Normal_npc004_quest2013_03_04,,,stella_03_203,left,TRUE,DialogueBackGround2,,,,,,,,,,,,,,,,,,,,,,,,,,,,,
Normal_npc004_quest2013_03_04,npc003,Stage03,dialogue,speaker_Pollo,폴로,Pollo,dialogueNormal_Normal_npc004_quest2013_03_04,"$철학적인 이야기도 좋아하고, 내가 뜬금없는 이야기를 해도 잘 받아 줬어.$","$They like deep, philosophical conversations, and even when I said random things, they always listened kindly.$",Normal_npc004_quest2013_03_05,,,stella_03_204,left,TRUE,DialogueBackGround2,,,,,,,,,,,,,,,,,,,,,,,,,,,,,
Normal_npc004_quest2013_03_05,npc003,Stage03,dialogue,speaker_Pollo,폴로,Pollo,dialogueNormal_Normal_npc004_quest2013_03_05,$그 아이의 이름은 '아스트리드'야.$,$Their name is Astrid.$,Normal_npc004_quest2013_03_06,,,stella_03_205,left,TRUE,DialogueBackGround2,,,,,,,,,,,,,,,,,,,,,,,,,,,,,
Normal_npc004_quest2013_03_06,npc003,Stage03,dialogue,speaker_Pollo,폴로,Pollo,dialogueNormal_Normal_npc004_quest2013_03_06,"$혹시라도 만나게 된다면, 친절하게 대해 줘.$","$If you ever meet them, please be nice to them.$",Normal_npc004_quest2013_03_07,,,stella_03_204,left,TRUE,DialogueBackGround2,,,,,,,,,,,,,,,,,,,,,,,,,,,,,
Normal_npc004_quest2013_03_07,npc003,Stage03,dialogue,speaker_Pollo,폴로,Pollo,dialogueNormal_Normal_npc004_quest2013_03_07,$…$,$…$,Normal_npc004_quest2013_03_08,,,stella_03_206,left,TRUE,DialogueBackGround2,,,,,,,,,,,,,,,,,,,,,,,,,,,,,
Normal_npc004_quest2013_03_08,npc003,Stage03,dialogue,speaker_Pollo,폴로,Pollo,dialogueNormal_Normal_npc004_quest2013_03_08,$이 얘기는 누구한테도 한 적이 없었는데…$,$I’ve never told anyone this before…$,Normal_npc004_quest2013_03_09,,,stella_03_207,left,TRUE,DialogueBackGround2,,,,,,,,,,,,,,,,,,,,,,,,,,,,,
Normal_npc004_quest2013_03_09,npc003,Stage03,dialogue,speaker_Pollo,폴로,Pollo,dialogueNormal_Normal_npc004_quest2013_03_09,$리비 너도… 이야기를 잘 들어주는 것 같아.$,"$You’re a good listener too, Ribby.$",Normal_npc004_quest2009,,,stella_03_204,left,TRUE,DialogueBackGround2,,,,,,,,,,,,,,,,,,,,,,,,,,,,,
Normal_npc004_quest2014,npc004,Stage03,startchoice,speaker_Pollo,폴로,Pollo,dialogueNormal_Normal_npc004_quest2014,$…$,$…$,,,,stella_03_101,left,TRUE,DialogueBackGround2,,,,,,,$자기소개$,$자기소개$,$Self-introduction$,Normal_npc004_quest2009_01,$카스트로는 어디에?$,$카스트로는 어디에?$,,Normal_npc004_quest2011_02_01,$…$,$…$,$…$,Normal_npc004_quest2013_03_01,$대화를 그만두기$,$대화를 그만두기$,$End conversation$,end,quest_cleared:quest2010,quest_cleared:quest2012,,,,,
Normal_npc004_quest2014_Clear,npc004,Stage03,startchoice,speaker_Pollo,폴로,Pollo,dialogueNormal_Normal_npc004_quest2014_Clear,$…$,$…$,,,,stella_03_101,left,TRUE,DialogueBackGround2,,,,,,,$자기소개$,$자기소개$,$Self-introduction$,Normal_npc004_quest2009_01,$카스트로는 어디에?$,$카스트로는 어디에?$,,Normal_npc004_quest2011_02_01,$…$,$…$,$…$,Normal_npc004_quest2013_03_01,$대화를 그만두기$,$대화를 그만두기$,$End conversation$,end,quest_cleared:quest2010,quest_cleared:quest2012,,,,,
Normal_npc004_quest2015,npc004,Stage03,startchoice,speaker_Pollo,폴로,Pollo,dialogueNormal_Normal_npc004_quest2015,$…$,$…$,,,,stella_03_101,left,TRUE,DialogueBackGround2,,,,,,,$자기소개$,$자기소개$,$Self-introduction$,Normal_npc004_quest2009_01,$카스트로는 어디에?$,$카스트로는 어디에?$,,Normal_npc004_quest2011_02_01,$…$,$…$,$…$,Normal_npc004_quest2013_03_01,$대화를 그만두기$,$대화를 그만두기$,$End conversation$,end,quest_cleared:quest2010,quest_cleared:quest2012,,,,,
Quest_npc001_Start,npc001,Stage01,start,speaker_???,???,???,dialogue_Quest_npc001_Start,"$으음. 그래, 그래.$","$Hmm. Yes, yes.$",Quest_npc001_Start01,,,stella_01_06,left,TRUE,DialogueBackGround2,,,,,,,,,,,,,,,,,,,,,,,,,,,,,
Quest_npc001_Start01,npc001,Stage01,dialogue,speaker_???,???,???,dialogue_Quest_npc001_Start01,$우리들을 긴 잠에서 깨운 것이 바로 네 녀석이로군!$,$So you’re the one who awakened us from our long slumber!$,Quest_npc001_Start02,,,stella_01_03,left,TRUE,DialogueBackGround2,,,,,,,,,,,,,,,,,,,,,,,,,,,,,
Quest_npc001_Start02,npc001,Stage01,dialogue,speaker_Chryso,크리소,Chryso,dialogue_Quest_npc001_Start02,"$만나서 반갑구나. 나는 양 별자리, 크리소라고 한다.$","$It’s good to finally meet you. I am Chryso, the Ram constellation.$",Quest_npc001_Start03,,,stella_01_01,left,TRUE,DialogueBackGround2,,,,,,,,,,,,,,,,,,,,,,,,,,,,,
Quest_npc001_Start03,npc001,Stage01,dialogue,speaker_Chryso,크리소,Chryso,dialogue_Quest_npc001_Start03,$직접 마주보고 감사 인사를 전할 수 있어서 다행이야.$,$I’m glad I could thank you in person.$,Quest_npc001_Start04,,,stella_01_01,left,TRUE,DialogueBackGround2,,,,,,,,,,,,,,,,,,,,,,,,,,,,,
Quest_npc001_Start04,npc001,Stage01,dialogue,speaker_Ribby,리비,Ribby,dialogue_Quest_npc001_Start04,"$안녕하세요, 크리소! 저는 리비라고 해요.$","$Hello, Chryso! My name is Ribby.$",Quest_npc001_Start05,,,ribby_00,right,TRUE,DialogueBackGround2,,,,,,,,,,,,,,,,,,,,,,,,,,,,,
Quest_npc001_Start05,npc001,Stage01,dialogue,speaker_Ribby,리비,Ribby,dialogue_Quest_npc001_Start05,$우주를 다시 빛나게 만들기 위한 여행을 하고 있었죠!$,$I was on a journey to make the universe shine again!$,Quest_npc001_Start06,,,ribby_00,right,TRUE,DialogueBackGround2,,,,,,,,,,,,,,,,,,,,,,,,,,,,,
Quest_npc001_Start06,npc001,Stage01,dialogue,speaker_Chryso,크리소,Chryso,dialogue_Quest_npc001_Start06,$이야기는 얼추 전해 들었다. 우리가 별가루를 모으는 것을 도와주겠다고 했지?$,"$I’ve heard the story roughly. You offered to help us gather stardust, right?$",Quest_npc001_Start07,,,stella_01_04,left,TRUE,DialogueBackGround2,,,,,,,,,,,,,,,,,,,,,,,,,,,,,
Quest_npc001_Start07,npc001,Stage01,dialogue,speaker_Chryso,크리소,Chryso,dialogue_Quest_npc001_Start07,$이미 큰 도움을 받았는데... 우릴 계속 도와주기만 해도 괜찮나?$,$You’ve already helped so much… is it really fine to keep helping us?$,Quest_npc001_Start08,,,stella_01_02,left,TRUE,DialogueBackGround2,,,,,,,,,,,,,,,,,,,,,,,,,,,,,
Quest_npc001_Start08,npc001,Stage01,dialogue,speaker_Ribby,리비,Ribby,dialogue_Quest_npc001_Start08,$걱정하지 마세요. 우주를 위해서라면 반드시 제가 해야만 하는 일인 걸요?$,"$Don’t worry. If it’s for the universe, it’s something I must do.$",Quest_npc001_Start09,,,ribby_00,right,TRUE,DialogueBackGround2,,,,,,,,,,,,,,,,,,,,,,,,,,,,,
Quest_npc001_Start09,npc001,Stage01,dialogue,speaker_Chryso,크리소,Chryso,dialogue_Quest_npc001_Start09,"$으하하핫! 좋아, 그럼 사양 않고 감사히 받도록 하지!$","$Wahahaha! Very well, then I’ll gladly accept without hesitation!$",Quest_npc001_Start10,,,stella_01_03,left,TRUE,DialogueBackGround2,,,,,,,,,,,,,,,,,,,,,,,,,,,,,
Quest_npc001_Start10,npc001,Stage01,dialogue,speaker_Chryso,크리소,Chryso,dialogue_Quest_npc001_Start10,$별자리들에게 필요한 것들은 조금씩 달라질 수 있으니까…$,$What each constellation needs may vary a little…$,Quest_npc001_Start11,,,stella_01_00,left,TRUE,DialogueBackGround2,,,,,,,,,,,,,,,,,,,,,,,,,,,,,
Quest_npc001_Start11,npc001,Stage01,dialogue,speaker_Chryso,크리소,Chryso,dialogue_Quest_npc001_Start11,$무엇을 해야 할 지 혹시나 잊어버리게 된다면 나침반을 잘 활용해 보라고.$,"$If you ever forget what to do, make good use of the compass.$",Quest_npc001_Start12,,,stella_01_00,left,TRUE,DialogueBackGround2,,,,,,,,,,,,,,,,,,,,,,,,,,,,,
Quest_npc001_Start12,npc001,Stage01,dialogue,speaker_Chryso,크리소,Chryso,dialogue_Quest_npc001_Start12,$말동무가 필요하다면 언제든 찾아 오고!$,"$And if you ever need someone to talk to, come by anytime!$",Quest_npc001_Start13,,,stella_01_03,left,TRUE,DialogueBackGround2,,,,,,,,,,,,,,,,,,,,,,,,,,,,,
Quest_npc001_Start13,npc001,Stage01,end,speaker_Ribby,리비,Ribby,dialogue_Quest_npc001_Start13,$좋아요. 저에게 맡겨 주세요!$,$Alright. Leave it to me!$,,,,ribby_00,right,TRUE,DialogueBackGround2,,,,,,,,,,,,,,,,,,,,,,,,,,,,,
Quest_npc001_quest0001,npc001,Stage01,start,speaker_Chryso,크리소,Chryso,dialogue_Quest_npc001_quest0001,"$오오, 이것은… '별꽃' 인가!$","$Ooooh, this is… a “Starflower”!$",Quest_npc001_quest0001_01,,,stella_01_09,left,TRUE,DialogueBackGround2,,,,,,,,,,,,,,,,,,,,,,,,,,,,,
Quest_npc001_quest0001_01,npc001,Stage01,dialogue,speaker_Chryso,크리소,Chryso,dialogue_Quest_npc001_quest0001_01,"$좋아, 굳이 이 몸이 나서지 않아도 아주 잘 해내고 있는 것 같은데!$","$Good, it looks like you’re doing wonderfully without me even stepping in!$",Quest_npc001_quest0001_02,,,stella_01_03,left,TRUE,DialogueBackGround2,,,,,,,,,,,,,,,,,,,,,,,,,,,,,
Quest_npc001_quest0001_02,npc001,Stage01,dialogue,speaker_Ribby,리비,Ribby,dialogue_Quest_npc001_quest0001_02,$마음에 드신 것 같아 다행이네요!$,$I’m glad it seems to please you!$,Quest_npc001_quest0001_03,,,ribby_00,right,TRUE,DialogueBackGround2,,,,,,,,,,,,,,,,,,,,,,,,,,,,,
Quest_npc001_quest0001_03,npc001,Stage01,dialogue,speaker_Chryso,크리소,Chryso,dialogue_Quest_npc001_quest0001_03,"$나에게 별가루를 많이 가져다 줄 수록, 내가 가진 별자리의 힘도 점점 강해지지.$","$The more stardust you bring me, the stronger the power of my constellation will grow.$",Quest_npc001_quest0001_04,,,stella_01_02,left,TRUE,DialogueBackGround2,,,,,,,,,,,,,,,,,,,,,,,,,,,,,
Quest_npc001_quest0001_04,npc001,Stage01,dialogue,speaker_Chryso,크리소,Chryso,dialogue_Quest_npc001_quest0001_04,$그렇게 되면 이 곳에서 할 수 있는 일들도 점점 더 많아질거야.$,"$And when that happens, the things I can do here will gradually increase as well.$",Quest_npc001_quest0001_05,,,stella_01_01,left,TRUE,DialogueBackGround2,,,,,,,,,,,,,,,,,,,,,,,,,,,,,
Quest_npc001_quest0001_05,npc001,Stage01,dialogue,speaker_Chryso,크리소,Chryso,dialogue_Quest_npc001_quest0001_05,$그래서 말인데…$,"$So, about that…$",Quest_npc001_quest0001_06,,,stella_01_04,left,TRUE,DialogueBackGround2,,,,,,,,,,,,,,,,,,,,,,,,,,,,,
Quest_npc001_quest0001_06,npc001,Stage01,dialogue,speaker_Chryso,크리소,Chryso,dialogue_Quest_npc001_quest0001_06,$...혹시 별꽃 말고도 다른 별가루도 만들 수 있나?$,$...Could you perhaps create other types of stardust besides Starflowers?$,Quest_npc001_quest0001_07,,,stella_01_05,left,TRUE,DialogueBackGround2,,,,,,,,,,,,,,,,,,,,,,,,,,,,,
Quest_npc001_quest0001_07,npc001,Stage01,dialogue,speaker_Ribby,리비,Ribby,dialogue_Quest_npc001_quest0001_07,$음… 별자리 부동산에서 새로운 것을 한번 찾아 볼까요?$,$Hmm… shall we look for something new in the Constellation Real Estate?$,Quest_npc001_quest0001_08,,,ribby_00,right,TRUE,DialogueBackGround2,,,,,,,,,,,,,,,,,,,,,,,,,,,,,
Quest_npc001_quest0001_08,npc001,Stage01,end,speaker_Chryso,크리소,Chryso,dialogue_Quest_npc001_quest0001_08,$그거 좋은 생각이군!$,$That’s a great idea!$,,,,stella_01_03,left,TRUE,DialogueBackGround2,,,,,,,,,,,,,,,,,,,,,,,,,,,,,
Quest_npc001_quest0002,npc001,Stage01,start,speaker_Chryso,크리소,Chryso,dialogue_Quest_npc001_quest0002,"$맙소사, 이번엔 '별꿀' 인가!$","$Good heavens, this time it’s “Starhoney”!$",Quest_npc001_quest0002_01,,,stella_01_09,left,TRUE,DialogueBackGround2,,,,,,,,,,,,,,,,,,,,,,,,,,,,,
Quest_npc001_quest0002_01,npc001,Stage01,dialogue,speaker_Chryso,크리소,Chryso,dialogue_Quest_npc001_quest0002_01,"$아아, 이 감미로운 향…!!$","$Ahh, this sweet fragrance…!!$",Quest_npc001_quest0002_02,,,stella_01_08,left,TRUE,DialogueBackGround2,,,,,,,,,,,,,,,,,,,,,,,,,,,,,
Quest_npc001_quest0002_02,npc001,Stage01,dialogue,speaker_Chryso,크리소,Chryso,dialogue_Quest_npc001_quest0002_02,$별가루란 정말이지… 어떠한 형태로든 아름답군.$,"$Truly, stardust is beautiful in any form.$",Quest_npc001_quest0002_03,,,stella_01_06,left,TRUE,DialogueBackGround2,,,,,,,,,,,,,,,,,,,,,,,,,,,,,
Quest_npc001_quest0002_03,npc001,Stage01,dialogue,speaker_Ribby,리비,Ribby,dialogue_Quest_npc001_quest0002_03,$별가루를 정말 좋아하시는 것 같아요.$,$You really do seem to love stardust.$,Quest_npc001_quest0002_04,,,ribby_00,right,TRUE,DialogueBackGround2,,,,,,,,,,,,,,,,,,,,,,,,,,,,,
Quest_npc001_quest0002_04,npc001,Stage01,dialogue,speaker_Chryso,크리소,Chryso,dialogue_Quest_npc001_quest0002_04,"$너무 오랜만이라 그런가, 기대감에 심장이 멈추질 않는다네.$",$Maybe it’s because it’s been so long… my heart won’t stop racing with excitement.$,Quest_npc001_quest0002_05,,,stella_01_02,left,TRUE,DialogueBackGround2,,,,,,,,,,,,,,,,,,,,,,,,,,,,,
Quest_npc001_quest0002_05,npc001,Stage01,dialogue,speaker_Chryso,크리소,Chryso,dialogue_Quest_npc001_quest0002_05,"$아아, 별가루… 나의 빛, 나의 삶, 나의 기쁨…$","$Ahh, stardust… my light, my life, my joy…$",Quest_npc001_quest0002_06,,,stella_01_06,left,TRUE,DialogueBackGround2,,,,,,,,,,,,,,,,,,,,,,,,,,,,,
Quest_npc001_quest0002_06,npc001,Stage01,dialogue,speaker_Ribby,리비,Ribby,dialogue_Quest_npc001_quest0002_06,$아하하하… 이렇게나 좋아하실 줄은…$,$Ahahaha… I didn’t expect you to love it this much…$,Quest_npc001_quest0002_07,,,ribby_00,right,TRUE,DialogueBackGround2,,,,,,,,,,,,,,,,,,,,,,,,,,,,,
Quest_npc001_quest0002_07,npc001,Stage01,end,speaker_Ribby,리비,Ribby,dialogue_Quest_npc001_quest0002_07,$더 많은 양을 준비해야겠네요.$,$I’d better prepare even more of it.$,,,,ribby_00,right,TRUE,DialogueBackGround2,,,,,,,,,,,,,,,,,,,,,,,,,,,,,
Quest_npc001_quest0003,npc001,Stage01,start,speaker_Chryso,크리소,Chryso,dialogue_Quest_npc001_quest0003,"$으음, 음….$","$Mmm, hmm…$",Quest_npc001_quest0003_02,,,stella_01_06,left,TRUE,DialogueBackGround2,,,,,,,,,,,,,,,,,,,,,,,,,,,,,
Quest_npc001_quest0003_02,npc001,Stage01,dialogue,speaker_Chryso,크리소,Chryso,dialogue_Quest_npc001_quest0003_02,$틀림없이 최상품이군… 아주 훌륭해!$,"$Without a doubt, this is top quality… simply excellent!$",Quest_npc001_quest0003_03,,,stella_01_06,left,TRUE,DialogueBackGround2,,,,,,,,,,,,,,,,,,,,,,,,,,,,,
Quest_npc001_quest0003_03,npc001,Stage01,dialogue,speaker_Ribby,리비,Ribby,dialogue_Quest_npc001_quest0003_03,$다른 별자리 분들도 그렇게나 별가루를 좋아하나요?$,$Do the other constellations also love stardust this much?$,Quest_npc001_quest0003_04,,,ribby_00,right,TRUE,DialogueBackGround2,,,,,,,,,,,,,,,,,,,,,,,,,,,,,
Quest_npc001_quest0003_04,npc001,Stage01,dialogue,speaker_Chryso,크리소,Chryso,dialogue_Quest_npc001_quest0003_04,"$그럼, 물론이지!$",$Of course!$,Quest_npc001_quest0003_05,,,stella_01_10,left,TRUE,DialogueBackGround2,,,,,,,,,,,,,,,,,,,,,,,,,,,,,
Quest_npc001_quest0003_05,npc001,Stage01,dialogue,speaker_Chryso,크리소,Chryso,dialogue_Quest_npc001_quest0003_05,"$우리들은 말이지, 별가루 없이는 제대로 살아갈 수가 없다니까.$",$We cannot live properly without stardust.$,Quest_npc001_quest0003_06,,,stella_01_08,left,TRUE,DialogueBackGround2,,,,,,,,,,,,,,,,,,,,,,,,,,,,,
Quest_npc001_quest0003_06,npc001,Stage01,dialogue,speaker_Chryso,크리소,Chryso,dialogue_Quest_npc001_quest0003_06,$개인마다 정도의 차이는 있겠지만. 어쨌거나 반드시 필요한 거라고.$,"$Though the degree may differ for each of us, it’s something absolutely essential.$",Quest_npc001_quest0003_07,,,stella_01_04,left,TRUE,DialogueBackGround2,,,,,,,,,,,,,,,,,,,,,,,,,,,,,
Quest_npc001_quest0003_07,npc001,Stage01,dialogue,speaker_Ribby,리비,Ribby,dialogue_Quest_npc001_quest0003_07,$그렇군요…$,$I see…$,Quest_npc001_quest0003_08,,,ribby_00,right,TRUE,DialogueBackGround2,,,,,,,,,,,,,,,,,,,,,,,,,,,,,
Quest_npc001_quest0003_08,npc001,Stage01,dialogue,speaker_Chryso,크리소,Chryso,dialogue_Quest_npc001_quest0003_08,"$그런 의미에서, 조금만 더 갖다 주게. 흐흐흐…$","$In that case, bring me just a little more. Hehehe…$",Quest_npc001_quest0003_09,,,stella_01_03,left,TRUE,DialogueBackGround2,,,,,,,,,,,,,,,,,,,,,,,,,,,,,
Quest_npc001_quest0003_09,npc001,Stage01,end,speaker_Ribby,리비,Ribby,dialogue_Quest_npc001_quest0003_09,$…$,$…$,,,,ribby_00,right,TRUE,DialogueBackGround2,,,,,,,,,,,,,,,,,,,,,,,,,,,,,
Quest_npc001_quest0004,npc001,Stage01,start,speaker_Chryso,크리소,Chryso,dialogue_Quest_npc001_quest0004,"$...오오, 오오오!$","$...Ohh, ohhh!$",Quest_npc001_quest0004_01,,,stella_01_10,left,TRUE,DialogueBackGround2,,,,,,,,,,,,,,,,,,,,,,,,,,,,,
Quest_npc001_quest0004_01,npc001,Stage01,dialogue,speaker_Chryso,크리소,Chryso,dialogue_Quest_npc001_quest0004_01,$우오오오오오-!!!$,$Uoooooooh!!!$,Quest_npc001_quest0004_02,,,stella_01_10,left,TRUE,DialogueBackGround2,,,,,,,,,,,,,,,,,,,,,,,,,,,,,
Quest_npc001_quest0004_02,npc001,Stage01,dialogue,speaker_Chryso,크리소,Chryso,dialogue_Quest_npc001_quest0004_02,$힘이 돌아오는 게 느껴진다앗!!$,$I can feel my strength returning!!$,Quest_npc001_quest0004_03,,,stella_01_10,left,TRUE,DialogueBackGround2,,,,,,,,,,,,,,,,,,,,,,,,,,,,,
Quest_npc001_quest0004_03,npc001,Stage01,dialogue,speaker_Ribby,리비,Ribby,dialogue_Quest_npc001_quest0004_03,$쩌렁쩌렁 울리는 목소리야…$,$What a thundering voice…$,Quest_npc001_quest0004_04,,,ribby_00,right,TRUE,DialogueBackGround2,,,,,,,,,,,,,,,,,,,,,,,,,,,,,
Quest_npc001_quest0004_04,npc001,Stage01,dialogue,speaker_Chryso,크리소,Chryso,dialogue_Quest_npc001_quest0004_04,$좋았어!! 덕분에 무기력하기만 한 상태에서 벗어날 수 있었다고!$,"$Excellent!! Thanks to you, I’ve broken free from that powerless state!$",Quest_npc001_quest0004_05,,,stella_01_10,left,TRUE,DialogueBackGround2,,,,,,,,,,,,,,,,,,,,,,,,,,,,,
Quest_npc001_quest0004_05,npc001,Stage01,dialogue,speaker_Ribby,리비,Ribby,dialogue_Quest_npc001_quest0004_05,$(여태 그 모습이 무기력한 상태였다고요…?)$,$(That powerless state was just now…?)$,Quest_npc001_quest0004_06,,,ribby_00,right,TRUE,DialogueBackGround2,,,,,,,,,,,,,,,,,,,,,,,,,,,,,
Quest_npc001_quest0004_06,npc001,Stage01,dialogue,speaker_Chryso,크리소,Chryso,dialogue_Quest_npc001_quest0004_06,"$후우, 난 이만하면 꽤나 받은 것 같네. $","$Phew, I think I’ve received quite enough.$",Quest_npc001_quest0004_07,,,stella_01_01,left,TRUE,DialogueBackGround2,,,,,,,,,,,,,,,,,,,,,,,,,,,,,
Quest_npc001_quest0004_07,npc001,Stage01,dialogue,speaker_Chryso,크리소,Chryso,dialogue_Quest_npc001_quest0004_07,"$아직 계속할 마음이 있다면, 다른 녀석들에게도 가 보는 것이 어때?$","$If you’re still willing, why not go visit the others as well?$",Quest_npc001_quest0004_08,,,stella_01_02,left,TRUE,DialogueBackGround2,,,,,,,,,,,,,,,,,,,,,,,,,,,,,
Quest_npc001_quest0004_08,npc001,Stage01,dialogue,speaker_Ribby,리비,Ribby,dialogue_Quest_npc001_quest0004_08,$다른 별자리 님들은 어디에서 만날 수 있나요?$,$Where can I meet the other constellations?$,Quest_npc001_quest0004_09,,,ribby_00,right,TRUE,DialogueBackGround2,,,,,,,,,,,,,,,,,,,,,,,,,,,,,
Quest_npc001_quest0004_09,npc001,Stage01,dialogue,speaker_Chryso,크리소,Chryso,dialogue_Quest_npc001_quest0004_09,$네가 이곳으로 왔던 방법과 똑같아!$,$The same way you came here!$,Quest_npc001_quest0004_10,,,stella_01_03,left,TRUE,DialogueBackGround2,,,,,,,,,,,,,,,,,,,,,,,,,,,,,
Quest_npc001_quest0004_10,npc001,Stage01,dialogue,speaker_Chryso,크리소,Chryso,dialogue_Quest_npc001_quest0004_10,$망원경에 얼굴을 가까이 대면… 다른 곳으로 갈 수 있지!$,$Bring your face close to the telescope… and you can travel to another place!$,Quest_npc001_quest0004_11,,,stella_01_01,left,TRUE,DialogueBackGround2,,,,,,,,,,,,,,,,,,,,,,,,,,,,,
Quest_npc001_quest0004_11,npc001,Stage01,dialogue,speaker_Chryso,크리소,Chryso,dialogue_Quest_npc001_quest0004_11,$언제든 돌아오는 것도 가능하니 나랑 헤어지는 일에 너무 아쉬워 말라고!$,"$You can always come back too, so don’t be too sad about parting with me!$",Quest_npc001_quest0004_12,,,stella_01_03,left,TRUE,DialogueBackGround2,,,,,,,,,,,,,,,,,,,,,,,,,,,,,
Quest_npc001_quest0004_12,npc001,Stage01,dialogue,speaker_Chryso,크리소,Chryso,dialogue_Quest_npc001_quest0004_12,"$누구를 만나거든, 내 안부나 좀 전해 줘. 나는 잘 지내고 있다고.$","$When you meet someone, give them my regards. Tell them I’m doing well.$",Quest_npc001_quest0004_13,,,stella_01_03,left,TRUE,DialogueBackGround2,,,,,,,,,,,,,,,,,,,,,,,,,,,,,
Quest_npc001_quest0004_13,npc001,Stage01,end,speaker_Ribby,리비,Ribby,dialogue_Quest_npc001_quest0004_13,"$다시 만나요, 크리소!$","$See you again, Chryso!$",,,,ribby_00,right,TRUE,DialogueBackGround2,,,,,,,,,,,,,,,,,,,,,,,,,,,,,
Quest_npc001_quest0005,npc001,Stage01,start,speaker_Chryso,크리소,Chryso,dialogue_Quest_npc001_quest0005,"$오오, 여전히 나에게 신경 써 주는 건가!$","$Ohh, you’re still thinking of me!$",Quest_npc001_quest0005_01,,,stella_01_03,left,TRUE,DialogueBackGround2,,,,,,,,,,,,,,,,,,,,,,,,,,,,,
Quest_npc001_quest0005_01,npc001,Stage01,dialogue,speaker_Chryso,크리소,Chryso,dialogue_Quest_npc001_quest0005_01,$정말 고마운 걸! 어떻게 보답을 해야 할 지 모르겠어.$,$Thank you so much! I don’t even know how to repay you.$,Quest_npc001_quest0005_02,,,stella_01_01,left,TRUE,DialogueBackGround2,,,,,,,,,,,,,,,,,,,,,,,,,,,,,
Quest_npc001_quest0005_02,npc001,Stage01,dialogue,speaker_Chryso,크리소,Chryso,dialogue_Quest_npc001_quest0005_02,"$뭔가를 도와주고 싶어도, 넌 하나부터 열까지 척척 잘 하니까 말야!$","$Even if I wanted to help, you handle everything so perfectly from start to finish!$",Quest_npc001_quest0005_03,,,stella_01_01,left,TRUE,DialogueBackGround2,,,,,,,,,,,,,,,,,,,,,,,,,,,,,
Quest_npc001_quest0005_03,npc001,Stage01,end,speaker_Chryso,크리소,Chryso,dialogue_Quest_npc001_quest0005_03,$하하하하! 고생이 많아!$,$Hahaha! You’ve worked hard!$,,,,stella_01_03,left,TRUE,DialogueBackGround2,,,,,,,,,,,,,,,,,,,,,,,,,,,,,
Quest_npc001_quest0006,npc001,Stage01,start,speaker_Chryso,크리소,Chryso,dialogue_Quest_npc001_quest0006,"$꽤나 적응한 모양인데, 어때. 일은 잘 되어 가나?$","$It seems you’ve adapted quite well. So, how’s it going? Is the work going smoothly?$",Quest_npc001_quest0006_01,,,stella_01_00,left,TRUE,DialogueBackGround2,,,,,,,,,,,,,,,,,,,,,,,,,,,,,
Quest_npc001_quest0006_01,npc001,Stage01,dialogue,speaker_Chryso,크리소,Chryso,dialogue_Quest_npc001_quest0006_01,$언제든 심심하면 나랑 떠들면서 시간 보내도 괜찮아.$,"$If you’re ever bored, you’re welcome to spend time chatting with me.$",Quest_npc001_quest0006_02,,,stella_01_01,left,TRUE,DialogueBackGround2,,,,,,,,,,,,,,,,,,,,,,,,,,,,,
Quest_npc001_quest0006_02,npc001,Stage01,end,speaker_Chryso,크리소,Chryso,dialogue_Quest_npc001_quest0006_02,"$…사실, 혼자 있으면 조금 심심해.$","$…Actually, it does get a little lonely when I’m by myself.$",,,,stella_01_02,left,TRUE,DialogueBackGround2,,,,,,,,,,,,,,,,,,,,,,,,,,,,,
Quest_npc001_quest0007,npc001,Stage01,start,speaker_Chryso,크리소,Chryso,dialogue_Quest_npc001_quest0007,"$있지, 입맛이 까다로운 녀석들. 많지 않아?$","$Say, don’t you think there are a lot of picky eaters?$",Quest_npc001_quest0007_01,,,stella_01_02,left,TRUE,DialogueBackGround2,,,,,,,,,,,,,,,,,,,,,,,,,,,,,
Quest_npc001_quest0007_01,npc001,Stage01,dialogue,speaker_Chryso,크리소,Chryso,dialogue_Quest_npc001_quest0007_01,$나는 별꽃이랑 별꿀만 있으면 충분해.$,"$For me, Starflowers and Starhoney are more than enough.$",Quest_npc001_quest0007_02,,,stella_01_00,left,TRUE,DialogueBackGround2,,,,,,,,,,,,,,,,,,,,,,,,,,,,,
Quest_npc001_quest0007_02,npc001,Stage01,end,speaker_Chryso,크리소,Chryso,dialogue_Quest_npc001_quest0007_02,"$어때, 리비. 내가 최고지? 제일 안 힘들고, 그렇지?$","$What do you think, Ribby? I’m the best, right? The least troublesome, don’t you agree?$",,,,stella_01_03,left,TRUE,DialogueBackGround2,,,,,,,,,,,,,,,,,,,,,,,,,,,,,
Quest_npc001_quest0008,npc001,Stage01,start,speaker_Chryso,크리소,Chryso,dialogue_Quest_npc001_quest0008,"$...있잖아, 리비.$","$...Hey, Ribby.$",Quest_npc001_quest0008_01,,,stella_01_00,left,TRUE,DialogueBackGround2,,,,,,,,,,,,,,,,,,,,,,,,,,,,,
Quest_npc001_quest0008_01,npc001,Stage01,dialogue,speaker_Chryso,크리소,Chryso,dialogue_Quest_npc001_quest0008_01,"$아주 예전에, 우리에게 별가루를 모아 가져다주던 사람들이 있었어. $","$Long ago, there were people who used to gather stardust for us.$",Quest_npc001_quest0008_02,,,stella_01_02,left,TRUE,DialogueBackGround2,,,,,,,,,,,,,,,,,,,,,,,,,,,,,
Quest_npc001_quest0008_02,npc001,Stage01,dialogue,speaker_Chryso,크리소,Chryso,dialogue_Quest_npc001_quest0008_02,$너가 지금 우리에게 해 주는 것처럼 말야.$,$Just like you’re doing for us now.$,Quest_npc001_quest0008_03,,,stella_01_04,left,TRUE,DialogueBackGround2,,,,,,,,,,,,,,,,,,,,,,,,,,,,,
Quest_npc001_quest0008_03,npc001,Stage01,dialogue,speaker_Chryso,크리소,Chryso,dialogue_Quest_npc001_quest0008_03,"$정말 좋은 사람들이었는데, 지금은 없어.$","$They were truly wonderful people, but they’re gone now.$",Quest_npc001_quest0008_04,,,stella_01_04,left,TRUE,DialogueBackGround2,,,,,,,,,,,,,,,,,,,,,,,,,,,,,
Quest_npc001_quest0008_04,npc001,Stage01,dialogue,speaker_Chryso,크리소,Chryso,dialogue_Quest_npc001_quest0008_04,"$그런 멋진 녀석들은, 한 곳에 오래 머무르기보다는 이곳저곳 여행하기를 좋아하니까.$","$Such remarkable folks preferred to travel from place to place, rather than staying in one spot.$",Quest_npc001_quest0008_05,,,stella_01_01,left,TRUE,DialogueBackGround2,,,,,,,,,,,,,,,,,,,,,,,,,,,,,
Quest_npc001_quest0008_05,npc001,Stage01,end,speaker_Chryso,크리소,Chryso,dialogue_Quest_npc001_quest0008_05,"$고맙다, 리비.$","$Thank you, Ribby.$",,,,stella_01_03,left,TRUE,DialogueBackGround2,,,,,,,,,,,,,,,,,,,,,,,,,,,,,
Quest_npc001_quest0009,npc001,Stage01,start,speaker_Chryso,크리소,Chryso,dialogue_Quest_npc001_quest0009,$…으음!$,$…Mmm!$,Quest_npc001_quest0009_01,,,stella_01_01,left,TRUE,DialogueBackGround2,,,,,,,,,,,,,,,,,,,,,,,,,,,,,
Quest_npc001_quest0009_01,npc001,Stage01,dialogue,speaker_Chryso,크리소,Chryso,dialogue_Quest_npc001_quest0009_01,"$뭐, 이제 나에게는 충분한 양의 별가루가 모인 것 같군!$","$Well, it seems I’ve gathered enough stardust for myself now!$",Quest_npc001_quest0009_02,,,stella_01_03,left,TRUE,DialogueBackGround2,,,,,,,,,,,,,,,,,,,,,,,,,,,,,
Quest_npc001_quest0009_02,npc001,Stage01,dialogue,speaker_Chryso,크리소,Chryso,dialogue_Quest_npc001_quest0009_02,"$아직 도움이 필요한 녀석들이 있을 테니, 다른 곳으로 가 보는게 어떻겠나?$","$There must be others still in need, so why don’t you visit them?$",Quest_npc001_quest0009_03,,,stella_01_05,left,TRUE,DialogueBackGround2,,,,,,,,,,,,,,,,,,,,,,,,,,,,,
Quest_npc001_quest0009_03,npc001,Stage01,end,speaker_Chryso,크리소,Chryso,dialogue_Quest_npc001_quest0009_03,"$그동안 정말 수고 많았다고, 나의 친구 리비. 이 은혜는 잊지 못할 거야!$","$You’ve really worked hard all this time, my friend Ribby. I’ll never forget this kindness!$",,,,stella_01_03,left,TRUE,DialogueBackGround2,,,,,,,,,,,,,,,,,,,,,,,,,,,,,
Quest_npc002_Start,npc002,Stage02,start,speaker_???,???,???,dialogue_Quest_npc002_Start,"$안녕, 리비.$","$Hello, Ribby.$",Quest_npc002_Start_01,,,stella_02_01,left,TRUE,DialogueBackGround2,,,,,,,,,,,,,,,,,,,,,,,,,,,,,
Quest_npc002_Start_01,npc002,Stage02,dialogue,speaker_Io,리비,Io,dialogue_Quest_npc002_Start_01,"$앗, 안녕하세요, 별자리 님! 다시 뵙게 되었네요!$","$Ah, hello, Constellation! We meet again!$",Quest_npc002_Start_02,,,ribby_00,right,TRUE,DialogueBackGround2,,,,,,,,,,,,,,,,,,,,,,,,,,,,,
Quest_npc002_Start_02,npc002,Stage02,dialogue,speaker_???,???,???,dialogue_Quest_npc002_Start_02,$금방 다시 만났네. 그동안 별 일 없었니?$,$We met again so soon. Nothing much happened in the meantime?$,Quest_npc002_Start_03,,,stella_02_01,left,TRUE,DialogueBackGround2,,,,,,,,,,,,,,,,,,,,,,,,,,,,,
Quest_npc002_Start_03,npc002,Stage02,dialogue,speaker_Io,리비,Io,dialogue_Quest_npc002_Start_03,"$크리소 님을 만났어요! 잘 지내고 있다고, 안부 전해 달라고 하셨어요.$",$I met Chryso! He asked me to tell you he’s doing well.$,Quest_npc002_Start_04,,,ribby_00,right,TRUE,DialogueBackGround2,,,,,,,,,,,,,,,,,,,,,,,,,,,,,
Quest_npc002_Start_04,npc002,Stage02,dialogue,speaker_???,???,???,dialogue_Quest_npc002_Start_04,"$벌써 우리들을 도와주고 있었구나, 고맙기도 해라…$",$So you were already helping us… I’m so grateful.$,Quest_npc002_Start_05,,,stella_02_07,left,TRUE,DialogueBackGround2,,,,,,,,,,,,,,,,,,,,,,,,,,,,,
Quest_npc002_Start_05,npc002,Stage02,dialogue,speaker_Io,이오,Io,dialogue_Quest_npc002_Start_05,"$아, 참. 그렇지. 이전에 만났을 땐 정말 정신이 없었지?$","$Ah, right. That’s true. When we first met, things were really hectic, weren’t they?$",Quest_npc002_Start_06,,,stella_02_01,left,TRUE,DialogueBackGround2,,,,,,,,,,,,,,,,,,,,,,,,,,,,,
Quest_npc002_Start_06,npc002,Stage02,dialogue,speaker_Io,이오,Io,dialogue_Quest_npc002_Start_06,"$정식으로 소개할게. 나의 이름은 이오, 황소 별자리 이오라고 해.$","$Let me introduce myself properly. My name is Io, the Taurus Constellation.$",Quest_npc002_Start_07,,,stella_02_02,left,TRUE,DialogueBackGround2,,,,,,,,,,,,,,,,,,,,,,,,,,,,,
Quest_npc002_Start_07,npc002,Stage02,dialogue,speaker_Ribby,리비,Ribby,dialogue_Quest_npc002_Start_07,"$오랜만에 만나서 반가워요, 이오!$","$It’s nice to meet you, Io, after such a long time!$",Quest_npc002_Start_08,,,ribby_00,right,TRUE,DialogueBackGround2,,,,,,,,,,,,,,,,,,,,,,,,,,,,,
Quest_npc002_Start_08,npc002,Stage02,dialogue,speaker_Io,이오,Io,dialogue_Quest_npc002_Start_08,"$응, 혹시나 궁금한 게 있다면 나를 찾아와 줘.$","$Yes, if you ever feel curious about something, come to me.$",Quest_npc002_Start_09,,,stella_02_03,left,TRUE,DialogueBackGround2,,,,,,,,,,,,,,,,,,,,,,,,,,,,,
Quest_npc002_Start_09,npc002,Stage02,dialogue,speaker_Io,이오,Io,dialogue_Quest_npc002_Start_09,$편안하게 이야기를 나누는 건 언제든 환영이야.$,$I always welcome a comfortable chat.$,Quest_npc002_Start_10,,,stella_02_07,left,TRUE,DialogueBackGround2,,,,,,,,,,,,,,,,,,,,,,,,,,,,,
Quest_npc002_Start_10,npc002,Stage02,end,speaker_Ribby,리비,Ribby,dialogue_Quest_npc002_Start_10,$고마워요. $,$Thank you.$,,,,ribby_00,right,TRUE,DialogueBackGround2,,,,,,,,,,,,,,,,,,,,,,,,,,,,,
Quest_npc002_quest1001,npc002,Stage02,dialogue,speaker_Io,이오,Io,dialogue_Quest_npc002_quest1001,$이렇게나 우리를 도와주는 건 몇 번이나 감사를 해도 모자라겠는걸.$,"$No matter how many times I thank you, it won’t be enough for helping us this much.$",Quest_npc002_quest1001_01,,,stella_02_03,left,TRUE,DialogueBackGround2,,,,,,,,,,,,,,,,,,,,,,,,,,,,,
Quest_npc002_quest1001_01,npc002,Stage02,dialogue,speaker_Io,이오,Io,dialogue_Quest_npc002_quest1001_01,$너무 무리하는 건 아니길 바랄게. 혹시라도… 걱정이 되어서 그래.$,"$I just hope you’re not overdoing it. I only worry about that, you see.$",Quest_npc002_quest1001_02,,,stella_02_00,left,TRUE,DialogueBackGround2,,,,,,,,,,,,,,,,,,,,,,,,,,,,,
Quest_npc002_quest1001_02,npc002,Stage02,dialogue,speaker_Ribby,리비,Ribby,dialogue_Quest_npc002_quest1001_02,"$걱정 마세요! 쉬는 것도, 일하는 것도, 필요한 만큼 하고 있으니까요!$",$Don’t worry! I’m resting and working only as much as I need!$,Quest_npc002_quest1001_03,,,ribby_00,right,TRUE,DialogueBackGround2,,,,,,,,,,,,,,,,,,,,,,,,,,,,,
Quest_npc002_quest1001_03,npc002,Stage02,dialogue,speaker_Io,이오,Io,dialogue_Quest_npc002_quest1001_03,$정말 대견한걸… 그 작은 몸으로 어떻게 이런 일들을 하는 건지.$,$Truly admirable… how you can manage all this with such a small body.$,Quest_npc002_quest1001_04,,,stella_02_01,left,TRUE,DialogueBackGround2,,,,,,,,,,,,,,,,,,,,,,,,,,,,,
Quest_npc002_quest1001_04,npc002,Stage02,end,speaker_Io,이오,Io,dialogue_Quest_npc002_quest1001_04,"$그러면, 부탁할게.$","$Then, I’ll ask this of you.$",,,,stella_02_06,left,TRUE,DialogueBackGround2,,,,,,,,,,,,,,,,,,,,,,,,,,,,,
Quest_npc002_quest1002,npc002,Stage02,dialogue,speaker_Io,이오,Io,dialogue_Quest_npc002_quest1002,$…난 별가루가 참 좋아.$,$…I really like stardust.$,Quest_npc002_quest1002_01,,,stella_02_06,left,TRUE,DialogueBackGround2,,,,,,,,,,,,,,,,,,,,,,,,,,,,,
Quest_npc002_quest1002_01,npc002,Stage02,dialogue,speaker_Io,이오,Io,dialogue_Quest_npc002_quest1002_01,"$다른 친구들은 별꿀, 별꽃… 심지어는 젤리를 만들어 먹는 녀석도 있어.$","$Other friends like Starhoney, Starflowers… there’s even one who makes jelly.$",Quest_npc002_quest1002_02,,,stella_02_01,left,TRUE,DialogueBackGround2,,,,,,,,,,,,,,,,,,,,,,,,,,,,,
Quest_npc002_quest1002_02,npc002,Stage02,dialogue,speaker_Io,이오,Io,dialogue_Quest_npc002_quest1002_02,$카스트로가 젤리로 만들어진 별가루를 참 좋아하지.$,$Kastro especially likes stardust made into jelly.$,Quest_npc002_quest1002_03,,,stella_02_03,left,TRUE,DialogueBackGround2,,,,,,,,,,,,,,,,,,,,,,,,,,,,,
Quest_npc002_quest1002_03,npc002,Stage02,dialogue,speaker_Io,이오,Io,dialogue_Quest_npc002_quest1002_03,$파이오스는 별가루로 케이크를 만들어 먹었어.$,$Pios once made cake out of stardust.$,Quest_npc002_quest1002_04,,,stella_02_04,left,TRUE,DialogueBackGround2,,,,,,,,,,,,,,,,,,,,,,,,,,,,,
Quest_npc002_quest1002_04,npc002,Stage02,dialogue,speaker_Ribby,리비,Ribby,dialogue_Quest_npc002_quest1002_04,$별가루 케이크…! 저도 한번 먹어보고 싶네요!$,$Stardust cake…! I’d love to try that too!$,Quest_npc002_quest1002_05,,,ribby_00,right,TRUE,DialogueBackGround2,,,,,,,,,,,,,,,,,,,,,,,,,,,,,
Quest_npc002_quest1002_05,npc002,Stage02,dialogue,speaker_Ribby,리비,Ribby,dialogue_Quest_npc002_quest1002_05,$이름만 들어도 반짝반짝 달콤한 맛이 날 것 같은데요!$,$Just the name alone sounds sparkly and sweet!$,Quest_npc002_quest1002_06,,,ribby_00,right,TRUE,DialogueBackGround2,,,,,,,,,,,,,,,,,,,,,,,,,,,,,
Quest_npc002_quest1002_06,npc002,Stage02,dialogue,speaker_Io,이오,Io,dialogue_Quest_npc002_quest1002_06,$…$,$…$,Quest_npc002_quest1002_07,,,stella_02_11,left,TRUE,DialogueBackGround2,,,,,,,,,,,,,,,,,,,,,,,,,,,,,
Quest_npc002_quest1002_07,npc002,Stage02,dialogue,speaker_Io,이오,Io,dialogue_Quest_npc002_quest1002_07,$어…$,$Uh…$,Quest_npc002_quest1002_08,,,stella_02_11,left,TRUE,DialogueBackGround2,,,,,,,,,,,,,,,,,,,,,,,,,,,,,
Quest_npc002_quest1002_08,npc002,Stage02,dialogue,speaker_Io,이오,Io,dialogue_Quest_npc002_quest1002_08,"$ 음, 그게. 있지.$","$Um, well. You see.$",Quest_npc002_quest1002_09,,,stella_02_12,left,TRUE,DialogueBackGround2,,,,,,,,,,,,,,,,,,,,,,,,,,,,,
Quest_npc002_quest1002_09,npc002,Stage02,dialogue,speaker_Io,이오,Io,dialogue_Quest_npc002_quest1002_09,$그러니까… 이걸 어떻게 설명하지?$,$How should I explain this?$,Quest_npc002_quest1002_10,,,stella_02_12,left,TRUE,DialogueBackGround2,,,,,,,,,,,,,,,,,,,,,,,,,,,,,
Quest_npc002_quest1002_10,npc002,Stage02,dialogue,speaker_Io,이오,Io,dialogue_Quest_npc002_quest1002_10,"$있지, 별가루는 먹는 게 아니야.$","$You see, stardust isn’t something you eat.$",Quest_npc002_quest1002_11,,,stella_02_04,left,TRUE,DialogueBackGround2,,,,,,,,,,,,,,,,,,,,,,,,,,,,,
Quest_npc002_quest1002_11,npc002,Stage02,dialogue,speaker_Ribby,리비,Ribby,dialogue_Quest_npc002_quest1002_11,$별가루는 먹는 게 아니라구요? 그러면 케이크랑 젤리랑 그거는 다…$,$Stardust isn’t something to eat? Then what about the cake and jelly and all that…$,Quest_npc002_quest1002_12,,,ribby_00,right,TRUE,DialogueBackGround2,,,,,,,,,,,,,,,,,,,,,,,,,,,,,
Quest_npc002_quest1002_12,npc002,Stage02,dialogue,speaker_Io,이오,Io,dialogue_Quest_npc002_quest1002_12,$설명하기가 굉장히 힘든데… 음.$,$It’s really difficult to explain… hmm.$,Quest_npc002_quest1002_13,,,stella_02_00,left,TRUE,DialogueBackGround2,,,,,,,,,,,,,,,,,,,,,,,,,,,,,
Quest_npc002_quest1002_13,npc002,Stage02,dialogue,speaker_Io,이오,Io,dialogue_Quest_npc002_quest1002_13,$아무튼! 별가루는 먹는 게 아니야! 그것만은 알아 둬.$,$Anyway! Stardust isn’t for eating! Just keep that in mind.$,Quest_npc002_quest1002_14,,,stella_02_13,left,TRUE,DialogueBackGround2,,,,,,,,,,,,,,,,,,,,,,,,,,,,,
Quest_npc002_quest1002_14,npc002,Stage02,dialogue,speaker_Io,이오,Io,dialogue_Quest_npc002_quest1002_14,$자세한 건… 기회가 되면 설명해 줄게.$,$I’ll explain more clearly… when the time comes.$,Quest_npc002_quest1002_15,,,stella_02_04,left,TRUE,DialogueBackGround2,,,,,,,,,,,,,,,,,,,,,,,,,,,,,
Quest_npc002_quest1002_15,npc002,Stage02,end,speaker_Ribby,리비,Ribby,dialogue_Quest_npc002_quest1002_15,$…?$,$…?$,,,,ribby_00,right,TRUE,DialogueBackGround2,,,,,,,,,,,,,,,,,,,,,,,,,,,,,
Quest_npc002_quest1003,npc002,Stage02,dialogue,speaker_Ribby,리비,Ribby,dialogue_Quest_npc002_quest1003,"$이오 님, 제가 곰곰히 생각을 해 보았는데요.$","$Io, I’ve been thinking about something.$",Quest_npc002_quest1003_01,,,ribby_00,right,TRUE,DialogueBackGround2,,,,,,,,,,,,,,,,,,,,,,,,,,,,,
Quest_npc002_quest1003_01,npc002,Stage02,dialogue,speaker_Io,이오,Io,dialogue_Quest_npc002_quest1003_01,$…응? 어떤 거?$,$…Hm? About what?$,Quest_npc002_quest1003_02,,,stella_02_00,left,TRUE,DialogueBackGround2,,,,,,,,,,,,,,,,,,,,,,,,,,,,,
Quest_npc002_quest1003_02,npc002,Stage02,dialogue,speaker_Ribby,리비,Ribby,dialogue_Quest_npc002_quest1003_02,"$별가루가 먹는 게 아니라면, 별자리 님들은 별가루를 어디에 쓰시는 거에요?$","$If stardust isn’t for eating, then what do you constellations use it for?$",Quest_npc002_quest1003_03,,,ribby_00,right,TRUE,DialogueBackGround2,,,,,,,,,,,,,,,,,,,,,,,,,,,,,
Quest_npc002_quest1003_03,npc002,Stage02,dialogue,speaker_Io,이오,Io,dialogue_Quest_npc002_quest1003_03,$…$,$…$,Quest_npc002_quest1003_04,,,stella_02_12,left,TRUE,DialogueBackGround2,,,,,,,,,,,,,,,,,,,,,,,,,,,,,
Quest_npc002_quest1003_04,npc002,Stage02,dialogue,speaker_Io,이오,Io,dialogue_Quest_npc002_quest1003_04,$글쎄…$,$Well…$,Quest_npc002_quest1003_05,,,stella_02_12,left,TRUE,DialogueBackGround2,,,,,,,,,,,,,,,,,,,,,,,,,,,,,
Quest_npc002_quest1003_05,npc002,Stage02,dialogue,speaker_Io,이오,Io,dialogue_Quest_npc002_quest1003_05,"$별가루는… 우리의 근원이자, 구성 물질… 뭐 그런…$","$Stardust is… our origin, our essence… something like that…$",Quest_npc002_quest1003_06,,,stella_02_11,left,TRUE,DialogueBackGround2,,,,,,,,,,,,,,,,,,,,,,,,,,,,,
Quest_npc002_quest1003_06,npc002,Stage02,dialogue,speaker_Io,이오,Io,dialogue_Quest_npc002_quest1003_06,$...$,$...$,Quest_npc002_quest1003_07,,,stella_02_00,left,TRUE,DialogueBackGround2,,,,,,,,,,,,,,,,,,,,,,,,,,,,,
Quest_npc002_quest1003_07,npc002,Stage02,dialogue,speaker_Io,이오,Io,dialogue_Quest_npc002_quest1003_07,$아냐. 별가루는 먹는 게 맞아.$,$No. Stardust is for eating.$,Quest_npc002_quest1003_08,,,stella_02_02,left,TRUE,DialogueBackGround2,,,,,,,,,,,,,,,,,,,,,,,,,,,,,
Quest_npc002_quest1003_08,npc002,Stage02,dialogue,speaker_Io,이오,Io,dialogue_Quest_npc002_quest1003_08,$맛있게 먹는 거야. 숨겨서 아껴 뒀다가 남 몰래 꺼내 먹어.$,$We eat it deliciously. We hide it away and secretly take it out to eat later.$,Quest_npc002_quest1003_09,,,stella_02_05,left,TRUE,DialogueBackGround2,,,,,,,,,,,,,,,,,,,,,,,,,,,,,
Quest_npc002_quest1003_09,npc002,Stage02,dialogue,speaker_Ribby,리비,Ribby,dialogue_Quest_npc002_quest1003_09,$…...??$,$…...??$,Quest_npc002_quest1003_10,,,ribby_00,right,TRUE,DialogueBackGround2,,,,,,,,,,,,,,,,,,,,,,,,,,,,,
Quest_npc002_quest1003_10,npc002,Stage02,dialogue,speaker_Ribby,리비,Ribby,dialogue_Quest_npc002_quest1003_10,$이오 님…?$,$Io…?$,Quest_npc002_quest1003_11,,,ribby_00,right,TRUE,DialogueBackGround2,,,,,,,,,,,,,,,,,,,,,,,,,,,,,
Quest_npc002_quest1003_11,npc002,Stage02,end,speaker_Io,이오,Io,dialogue_Quest_npc002_quest1003_11,$…$,$…$,,,,stella_02_05,left,TRUE,DialogueBackGround2,,,,,,,,,,,,,,,,,,,,,,,,,,,,,
Quest_npc002_quest1004,npc002,Stage02,dialogue,speaker_Ribby,리비,Ribby,dialogue_Quest_npc002_quest1004,"$저, 결심했어요.$",$I’ve made up my mind.$,Quest_npc002_quest1004_01,,,ribby_00,right,TRUE,DialogueBackGround2,,,,,,,,,,,,,,,,,,,,,,,,,,,,,
Quest_npc002_quest1004_01,npc002,Stage02,dialogue,speaker_Io,이오,Io,dialogue_Quest_npc002_quest1004_01,"$으, 응? 어떤 결심?$","$Uh, huh? What decision?$",Quest_npc002_quest1004_02,,,stella_02_02,left,TRUE,DialogueBackGround2,,,,,,,,,,,,,,,,,,,,,,,,,,,,,
Quest_npc002_quest1004_02,npc002,Stage02,dialogue,speaker_Ribby,리비,Ribby,dialogue_Quest_npc002_quest1004_02,$별자리 님들이 별가루를 어디에 쓰는 건지 궁금해졌어요.$,$I’ve become curious about what you constellations truly use stardust for.$,Quest_npc002_quest1004_03,,,ribby_00,right,TRUE,DialogueBackGround2,,,,,,,,,,,,,,,,,,,,,,,,,,,,,
Quest_npc002_quest1004_03,npc002,Stage02,dialogue,speaker_Ribby,리비,Ribby,dialogue_Quest_npc002_quest1004_03,$이오 님이 제대로 대답해주시기 전까지 전 아무것도 하지 않을 거에요.$,"$Until you give me a proper answer, I won’t do anything.$",Quest_npc002_quest1004_04,,,ribby_00,right,TRUE,DialogueBackGround2,,,,,,,,,,,,,,,,,,,,,,,,,,,,,
Quest_npc002_quest1004_04,npc002,Stage02,dialogue,speaker_Io,이오,Io,dialogue_Quest_npc002_quest1004_04,$아무것도 하지 않는다니… 무슨…$,$You won’t do anything… what do you mean…$,Quest_npc002_quest1004_05,,,stella_02_11,left,TRUE,DialogueBackGround2,,,,,,,,,,,,,,,,,,,,,,,,,,,,,
Quest_npc002_quest1004_05,npc002,Stage02,dialogue,speaker_Ribby,리비,Ribby,dialogue_Quest_npc002_quest1004_05,$별가루를 만들고 배달하는 것도 안 할 거에요.$,$I won’t make or deliver stardust either.$,Quest_npc002_quest1004_06,,,ribby_00,right,TRUE,DialogueBackGround2,,,,,,,,,,,,,,,,,,,,,,,,,,,,,
Quest_npc002_quest1004_06,npc002,Stage02,dialogue,speaker_Io,이오,Io,dialogue_Quest_npc002_quest1004_06,$…헉.$,$…Gasp.$,Quest_npc002_quest1004_07,,,stella_02_13,left,TRUE,DialogueBackGround2,,,,,,,,,,,,,,,,,,,,,,,,,,,,,
Quest_npc002_quest1004_07,npc002,Stage02,dialogue,speaker_Ribby,리비,Ribby,dialogue_Quest_npc002_quest1004_07,$…$,$…$,Quest_npc002_quest1004_08,,,ribby_00,right,TRUE,DialogueBackGround2,,,,,,,,,,,,,,,,,,,,,,,,,,,,,
Quest_npc002_quest1004_08,npc002,Stage02,dialogue,speaker_Io,이오,Io,dialogue_Quest_npc002_quest1004_08,"$그래, 알겠어. 내가 졌다. 알려 줄게.$","$Alright, I understand. I give up. I’ll tell you.$",Quest_npc002_quest1004_09,,,stella_02_06,left,TRUE,DialogueBackGround2,,,,,,,,,,,,,,,,,,,,,,,,,,,,,
Quest_npc002_quest1004_09,npc002,Stage02,dialogue,speaker_Ribby,리비,Ribby,dialogue_Quest_npc002_quest1004_09,$야호!$,$Yay!$,Quest_npc002_quest1004_10,,,ribby_00,right,TRUE,DialogueBackGround2,,,,,,,,,,,,,,,,,,,,,,,,,,,,,
Quest_npc002_quest1004_10,npc002,Stage02,dialogue,speaker_Io,이오,Io,dialogue_Quest_npc002_quest1004_10,"$대신, 별가루 조금만 가져다 줄래? 그러면 알려 줄게.$","$But in return, could you bring me just a little stardust? Then I’ll tell you.$",Quest_npc002_quest1004_11,,,stella_02_05,left,TRUE,DialogueBackGround2,,,,,,,,,,,,,,,,,,,,,,,,,,,,,
Quest_npc002_quest1004_11,npc002,Stage02,dialogue,speaker_Ribby,리비,Ribby,dialogue_Quest_npc002_quest1004_11,$정말이죠? 약속한 거에요?$,$Really? You promise?$,Quest_npc002_quest1004_12,,,ribby_00,right,TRUE,DialogueBackGround2,,,,,,,,,,,,,,,,,,,,,,,,,,,,,
Quest_npc002_quest1004_12,npc002,Stage02,end,speaker_Io,이오,Io,dialogue_Quest_npc002_quest1004_12,$물론이야. 우주의 신들은 약속을 어기는 법이 없지.$,$Of course. Gods of the universe never break their promises.$,,,,stella_02_01,left,TRUE,DialogueBackGround2,,,,,,,,,,,,,,,,,,,,,,,,,,,,,
Quest_npc002_quest1005,npc002,Stage02,dialogue,speaker_Ribby,리비,Ribby,dialogue_Quest_npc002_quest1005,$이오 님! 약속대로 별가루를 가져 왔어요! 이제 별가루의 비밀에 대해 알려주시는 건가요?$,$Io! I brought the stardust as promised! Now will you tell me the secret of stardust?$,Quest_npc002_quest1005_01,,,ribby_00,right,TRUE,DialogueBackGround2,,,,,,,,,,,,,,,,,,,,,,,,,,,,,
Quest_npc002_quest1005_01,npc002,Stage02,dialogue,speaker_Io,이오,Io,dialogue_Quest_npc002_quest1005_01,"$끈질기구나, 우리 리비.$","$Persistent, aren’t you, our Ribby.$",Quest_npc002_quest1005_02,,,stella_02_00,left,TRUE,DialogueBackGround2,,,,,,,,,,,,,,,,,,,,,,,,,,,,,
Quest_npc002_quest1005_02,npc002,Stage02,dialogue,speaker_Ribby,리비,Ribby,dialogue_Quest_npc002_quest1005_02,$저의 성실함과 끈기는 크리소 님도 인정해 주셨지요.$,$Even Chryso acknowledged my diligence and persistence.$,Quest_npc002_quest1005_03,,,ribby_00,right,TRUE,DialogueBackGround2,,,,,,,,,,,,,,,,,,,,,,,,,,,,,
Quest_npc002_quest1005_03,npc002,Stage02,dialogue,speaker_Ribby,리비,Ribby,dialogue_Quest_npc002_quest1005_03,$그렇다면 이제… 진실의 시간이에요!$,$Then now… it’s time for the truth!$,Quest_npc002_quest1005_04,,,ribby_00,right,TRUE,DialogueBackGround2,,,,,,,,,,,,,,,,,,,,,,,,,,,,,
Quest_npc002_quest1005_04,npc002,Stage02,dialogue,speaker_Io,이오,Io,dialogue_Quest_npc002_quest1005_04,$하아…$,$Haa…$,Quest_npc002_quest1005_05,,,stella_02_07,left,TRUE,DialogueBackGround2,,,,,,,,,,,,,,,,,,,,,,,,,,,,,
Quest_npc002_quest1005_05,npc002,Stage02,dialogue,speaker_Io,이오,Io,dialogue_Quest_npc002_quest1005_05,"$그래, 약속은 약속이니까.$","$Alright, a promise is a promise.$",Quest_npc002_quest1005_06,,,stella_02_01,left,TRUE,DialogueBackGround2,,,,,,,,,,,,,,,,,,,,,,,,,,,,,
Quest_npc002_quest1005_06,npc002,Stage02,dialogue,speaker_Io,이오,Io,dialogue_Quest_npc002_quest1005_06,$별가루는 말이지… 음식이 아니야.$,"$Stardust, you see… it isn’t food.$",Quest_npc002_quest1005_07,,,stella_02_00,left,TRUE,DialogueBackGround2,,,,,,,,,,,,,,,,,,,,,,,,,,,,,
Quest_npc002_quest1005_07,npc002,Stage02,dialogue,speaker_Io,이오,Io,dialogue_Quest_npc002_quest1005_07,$별가루라는 건 있잖아. 그건 사실…!$,$Stardust is actually…!$,Quest_npc002_quest1005_08,,,stella_02_08,left,TRUE,DialogueBackGround2,,,,,,,,,,,,,,,,,,,,,,,,,,,,,
Quest_npc002_quest1005_08,npc002,Stage02,dialogue,speaker_Ribby,리비,Ribby,dialogue_Quest_npc002_quest1005_08,$(…꿀꺽)$,$(…gulp)$,Quest_npc002_quest1005_09,,,ribby_00,right,TRUE,DialogueBackGround2,,,,,,,,,,,,,,,,,,,,,,,,,,,,,
Quest_npc002_quest1005_09,npc002,Stage02,dialogue,speaker_Io,이오,Io,dialogue_Quest_npc002_quest1005_09,$…$,$…$,Quest_npc002_quest1005_10,,,stella_02_08,left,TRUE,DialogueBackGround2,,,,,,,,,,,,,,,,,,,,,,,,,,,,,
Quest_npc002_quest1005_10,npc002,Stage02,dialogue,speaker_Ribby,리비,Ribby,dialogue_Quest_npc002_quest1005_10,$…$,$…$,Quest_npc002_quest1005_11,,,ribby_00,right,TRUE,DialogueBackGround2,,,,,,,,,,,,,,,,,,,,,,,,,,,,,
Quest_npc002_quest1005_11,npc002,Stage02,dialogue,speaker_Io,이오,Io,dialogue_Quest_npc002_quest1005_11,$…먹으면 기분이 좋아져.$,"$…When you eat it, it makes you feel good.$",Quest_npc002_quest1005_12,,,stella_02_00,left,TRUE,DialogueBackGround2,,,,,,,,,,,,,,,,,,,,,,,,,,,,,
Quest_npc002_quest1005_12,npc002,Stage02,dialogue,speaker_Ribby,리비,Ribby,dialogue_Quest_npc002_quest1005_12,$…$,$…$,Quest_npc002_quest1005_13,,,ribby_00,right,TRUE,DialogueBackGround2,,,,,,,,,,,,,,,,,,,,,,,,,,,,,
Quest_npc002_quest1005_13,npc002,Stage02,dialogue,speaker_Ribby,리비,Ribby,dialogue_Quest_npc002_quest1005_13,$…그게 끝이에요?$,$…That’s it?$,Quest_npc002_quest1005_14,,,ribby_00,right,TRUE,DialogueBackGround2,,,,,,,,,,,,,,,,,,,,,,,,,,,,,
Quest_npc002_quest1005_14,npc002,Stage02,dialogue,speaker_Io,이오,Io,dialogue_Quest_npc002_quest1005_14,$응. 그게 다인데.$,$Yes. That’s all.$,Quest_npc002_quest1005_15,,,stella_02_02,left,TRUE,DialogueBackGround2,,,,,,,,,,,,,,,,,,,,,,,,,,,,,
Quest_npc002_quest1005_15,npc002,Stage02,dialogue,speaker_Ribby,리비,Ribby,dialogue_Quest_npc002_quest1005_15,$저를 놀리시는거죠!$,"$You’re teasing me, aren’t you!$",Quest_npc002_quest1005_16,,,ribby_00,right,TRUE,DialogueBackGround2,,,,,,,,,,,,,,,,,,,,,,,,,,,,,
Quest_npc002_quest1005_16,npc002,Stage02,dialogue,speaker_Io,이오,Io,dialogue_Quest_npc002_quest1005_16,"$전애도 말했지만, 우주의 신들은 약속을 어기는 일이 없어.$","$As I said before, gods of the universe never break their promises.$",Quest_npc002_quest1005_17,,,stella_02_03,left,TRUE,DialogueBackGround2,,,,,,,,,,,,,,,,,,,,,,,,,,,,,
Quest_npc002_quest1005_17,npc002,Stage02,dialogue,speaker_Io,이오,Io,dialogue_Quest_npc002_quest1005_17,$사실대로 말했을 뿐이야.$,$I only told you the truth.$,Quest_npc002_quest1005_18,,,stella_02_05,left,TRUE,DialogueBackGround2,,,,,,,,,,,,,,,,,,,,,,,,,,,,,
Quest_npc002_quest1005_18,npc002,Stage02,dialogue,speaker_Ribby,리비,Ribby,dialogue_Quest_npc002_quest1005_18,$아까는 대단한 비밀이 있는 것 처럼 숨기려고 하셨잖아요! 왜 그러신건가요?$,$Earlier you acted like it was some grand secret you had to hide! Why did you do that?$,Quest_npc002_quest1005_19,,,ribby_00,right,TRUE,DialogueBackGround2,,,,,,,,,,,,,,,,,,,,,,,,,,,,,
Quest_npc002_quest1005_19,npc002,Stage02,dialogue,speaker_Io,이오,Io,dialogue_Quest_npc002_quest1005_19,$그치만…$,$But…$,Quest_npc002_quest1005_20,,,stella_02_06,left,TRUE,DialogueBackGround2,,,,,,,,,,,,,,,,,,,,,,,,,,,,,
Quest_npc002_quest1005_20,npc002,Stage02,dialogue,speaker_Io,이오,Io,dialogue_Quest_npc002_quest1005_20,$너가 이렇게나 재미있게 반응해주는 걸…$,$Seeing you react so amusingly like this…$,Quest_npc002_quest1005_21,,,stella_02_06,left,TRUE,DialogueBackGround2,,,,,,,,,,,,,,,,,,,,,,,,,,,,,
Quest_npc002_quest1005_21,npc002,Stage02,dialogue,speaker_Ribby,리비,Ribby,dialogue_Quest_npc002_quest1005_21,$…$,$…$,Quest_npc002_quest1005_22,,,ribby_00,right,TRUE,DialogueBackGround2,,,,,,,,,,,,,,,,,,,,,,,,,,,,,
Quest_npc002_quest1005_22,npc002,Stage02,dialogue,speaker_Io,이오,Io,dialogue_Quest_npc002_quest1005_22,"$미안, 리비. $","$Sorry, Ribby.$",Quest_npc002_quest1005_23,,,stella_02_05,left,TRUE,DialogueBackGround2,,,,,,,,,,,,,,,,,,,,,,,,,,,,,
Quest_npc002_quest1005_23,npc002,Stage02,end,speaker_Ribby,리비,Ribby,dialogue_Quest_npc002_quest1005_23,"$하, 하하…$","$Ha, haha…$",,,,ribby_00,right,TRUE,DialogueBackGround2,,,,,,,,,,,,,,,,,,,,,,,,,,,,,
Quest_npc002_quest1006,npc002,Stage02,dialogue,speaker_Io,이오,Io,dialogue_Quest_npc002_quest1006,$…$,$…$,Quest_npc002_quest1006_01,,,stella_02_00,left,TRUE,DialogueBackGround2,,,,,,,,,,,,,,,,,,,,,,,,,,,,,
Quest_npc002_quest1006_01,npc002,Stage02,dialogue,speaker_Io,이오,Io,dialogue_Quest_npc002_quest1006_01,"$…리비, 혹시 화 났어?$","$…Ribby, are you mad?$",Quest_npc002_quest1006_02,,,stella_02_11,left,TRUE,DialogueBackGround2,,,,,,,,,,,,,,,,,,,,,,,,,,,,,
Quest_npc002_quest1006_02,npc002,Stage02,dialogue,speaker_Ribby,리비,Ribby,dialogue_Quest_npc002_quest1006_02,$아아뇨. 화가 나진 않았어요. 조금 허무하긴 했는데!$,"$No, not mad. Just a little disappointed!$",Quest_npc002_quest1006_03,,,ribby_00,right,TRUE,DialogueBackGround2,,,,,,,,,,,,,,,,,,,,,,,,,,,,,
Quest_npc002_quest1006_03,npc002,Stage02,dialogue,speaker_Io,이오,Io,dialogue_Quest_npc002_quest1006_03,$나 같은 사람들은 다른 사람이랑 장난 칠 기회가 많이 없거든… $,$People like me don’t get many chances to play pranks on others…$,Quest_npc002_quest1006_04,,,stella_02_05,left,TRUE,DialogueBackGround2,,,,,,,,,,,,,,,,,,,,,,,,,,,,,
Quest_npc002_quest1006_04,npc002,Stage02,dialogue,speaker_Io,이오,Io,dialogue_Quest_npc002_quest1006_04,$놀아줘서 고마워. 후후.$,$Thank you for playing along. Hehe.$,Quest_npc002_quest1006_05,,,stella_02_07,left,TRUE,DialogueBackGround2,,,,,,,,,,,,,,,,,,,,,,,,,,,,,
Quest_npc002_quest1006_05,npc002,Stage02,end,speaker_Io,이오,Io,dialogue_Quest_npc002_quest1006_05,$앞으로도 잘 부탁해.$,$I’ll be counting on you from now on too.$,,,,stella_02_01,left,TRUE,DialogueBackGround2,,,,,,,,,,,,,,,,,,,,,,,,,,,,,
Quest_npc002_quest1007,npc002,Stage02,dialogue,speaker_Io,이오,Io,dialogue_Quest_npc002_quest1007,$정말 굉장한 걸. 나의 힘이 거의 돌아온 것 같아.$,$Truly amazing. I feel like most of my strength has already returned.$,Quest_npc002_quest1007_01,,,stella_02_02,left,TRUE,DialogueBackGround2,,,,,,,,,,,,,,,,,,,,,,,,,,,,,
Quest_npc002_quest1007_01,npc002,Stage02,dialogue,speaker_Io,이오,Io,dialogue_Quest_npc002_quest1007_01,"$엄청난 속도야, 리비.$","$At an incredible pace, Ribby.$",Quest_npc002_quest1007_02,,,stella_02_01,left,TRUE,DialogueBackGround2,,,,,,,,,,,,,,,,,,,,,,,,,,,,,
Quest_npc002_quest1007_02,npc002,Stage02,dialogue,speaker_Ribby,리비,Ribby,dialogue_Quest_npc002_quest1007_02,$그런가요…? 저는 제가 너무 느린 건 아닐까 생각하고 있었어요.$,$Really…? I was thinking maybe I’m too slow.$,Quest_npc002_quest1007_03,,,ribby_00,right,TRUE,DialogueBackGround2,,,,,,,,,,,,,,,,,,,,,,,,,,,,,
Quest_npc002_quest1007_03,npc002,Stage02,dialogue,speaker_Ribby,리비,Ribby,dialogue_Quest_npc002_quest1007_03,$크리소 님에게 별가루를 모아드리는 일은 지금보다 훨씬 빨리 끝났거든요.$,"$When I gathered stardust for Chryso, it ended much faster.$",Quest_npc002_quest1007_04,,,ribby_00,right,TRUE,DialogueBackGround2,,,,,,,,,,,,,,,,,,,,,,,,,,,,,
Quest_npc002_quest1007_04,npc002,Stage02,dialogue,speaker_Io,이오,Io,dialogue_Quest_npc002_quest1007_04,$크리소는 바보라서 그래. 바보는 감기에도 안 걸린다고 하잖아?$,"$That’s because Chryso’s a fool. You know what they say, fools don’t even catch colds?$",Quest_npc002_quest1007_05,,,stella_02_04,left,TRUE,DialogueBackGround2,,,,,,,,,,,,,,,,,,,,,,,,,,,,,
Quest_npc002_quest1007_05,npc002,Stage02,dialogue,speaker_Io,이오,Io,dialogue_Quest_npc002_quest1007_05,"$바보같이 에너지가 넘쳐서, 회복도 엄청나게 빠르거든.$","$Overflowing with foolish energy, his recovery is unbelievably fast.$",Quest_npc002_quest1007_06,,,stella_02_04,left,TRUE,DialogueBackGround2,,,,,,,,,,,,,,,,,,,,,,,,,,,,,
Quest_npc002_quest1007_06,npc002,Stage02,dialogue,speaker_Io,이오,Io,dialogue_Quest_npc002_quest1007_06,$그 녀석은 별가루를 안 주고 1년 동안 방치해도 소리를 지르면서 뛰어다닐거야.$,"$Even if you left him without stardust for a year, he’d still be running around shouting.$",Quest_npc002_quest1007_07,,,stella_02_05,left,TRUE,DialogueBackGround2,,,,,,,,,,,,,,,,,,,,,,,,,,,,,
Quest_npc002_quest1007_07,npc002,Stage02,end,speaker_Ribby,리비,Ribby,dialogue_Quest_npc002_quest1007_07,$확실히… 확실히 그런 분이셨죠…$,"$Indeed… yes, that really does sound like him…$",,,,ribby_00,right,TRUE,DialogueBackGround2,,,,,,,,,,,,,,,,,,,,,,,,,,,,,
Quest_npc002_quest1008,npc002,Stage02,dialogue,speaker_Io,이오,Io,dialogue_Quest_npc002_quest1008,"$정말 수고 많았어, 리비!$","$You’ve worked so hard, Ribby!$",Quest_npc002_quest1008_01,,,stella_02_02,left,TRUE,DialogueBackGround2,,,,,,,,,,,,,,,,,,,,,,,,,,,,,
Quest_npc002_quest1008_01,npc002,Stage02,dialogue,speaker_Io,이오,Io,dialogue_Quest_npc002_quest1008_01,$나는 이제 혼자서도 끄떡 없어. 다른 친구들을 도와 주면 좋겠어.$,$Now I can manage on my own. I’d like you to help the others.$,Quest_npc002_quest1008_02,,,stella_02_01,left,TRUE,DialogueBackGround2,,,,,,,,,,,,,,,,,,,,,,,,,,,,,
Quest_npc002_quest1008_02,npc002,Stage02,dialogue,speaker_Ribby,리비,Ribby,dialogue_Quest_npc002_quest1008_02,"$함께해서 즐거웠어요, 이오!$","$I really enjoyed being with you, Io!$",Quest_npc002_quest1008_03,,,ribby_00,right,TRUE,DialogueBackGround2,,,,,,,,,,,,,,,,,,,,,,,,,,,,,
Quest_npc002_quest1008_03,npc002,Stage02,dialogue,speaker_Io,이오,Io,dialogue_Quest_npc002_quest1008_03,$그렇게 영원히 이별하는 사람처럼 말하지는 말고… 하하..$,$Don’t speak as if we’re parting forever… haha…$,Quest_npc002_quest1008_04,,,stella_02_05,left,TRUE,DialogueBackGround2,,,,,,,,,,,,,,,,,,,,,,,,,,,,,
Quest_npc002_quest1008_04,npc002,Stage02,dialogue,speaker_Ribby,리비,Ribby,dialogue_Quest_npc002_quest1008_04,$언제든 또 돌아올 수 있으니까요.$,$I can always come back anytime.$,Quest_npc002_quest1008_05,,,ribby_00,right,TRUE,DialogueBackGround2,,,,,,,,,,,,,,,,,,,,,,,,,,,,,
Quest_npc002_quest1008_05,npc002,Stage02,dialogue,speaker_Io,이오,Io,dialogue_Quest_npc002_quest1008_05,"$그래. 언제든 또 돌아올 수 있으니까, 그렇지?$","$Yes. You can always come back anytime, right?$",Quest_npc002_quest1008_06,,,stella_02_07,left,TRUE,DialogueBackGround2,,,,,,,,,,,,,,,,,,,,,,,,,,,,,
Quest_npc002_quest1008_06,npc002,Stage02,dialogue,speaker_Io,이오,Io,dialogue_Quest_npc002_quest1008_06,$다음에 또 보자구.$,$Let’s meet again.$,Quest_npc002_quest1008_07,,,stella_02_01,left,TRUE,DialogueBackGround2,,,,,,,,,,,,,,,,,,,,,,,,,,,,,
Quest_npc002_quest1008_07,npc002,Stage02,end,speaker_Ribby,리비,Ribby,dialogue_Quest_npc002_quest1008_07,$금방 또 봐요!$,$See you again soon!$,,,,ribby_00,right,TRUE,DialogueBackGround2,,,,,,,,,,,,,,,,,,,,,,,,,,,,,
Quest_npc002_quest1009,npc002,Stage02,dialogue,speaker_Io,이오,Io,dialogue_Quest_npc002_quest1009,"$돌아왔구나, 리비. 일은 잘 되어 가니?$","$You’ve returned, Ribby. How are things going?$",Quest_npc002_quest1009_01,,,stella_02_02,left,TRUE,DialogueBackGround2,,,,,,,,,,,,,,,,,,,,,,,,,,,,,
Quest_npc002_quest1009_01,npc002,Stage02,dialogue,speaker_Io,이오,Io,dialogue_Quest_npc002_quest1009_01,"$그나저나, 또 별가루를 가져다 주는구나.$","$And once again, you’ve brought me stardust.$",Quest_npc002_quest1009_02,,,stella_02_03,left,TRUE,DialogueBackGround2,,,,,,,,,,,,,,,,,,,,,,,,,,,,,
Quest_npc002_quest1009_02,npc002,Stage02,end,speaker_Io,이오,Io,dialogue_Quest_npc002_quest1009_02,$언제나처럼 상냥하네. 편하게 있다가 가렴.$,$As kind as ever. Make yourself at home.$,,,,stella_02_06,left,TRUE,DialogueBackGround2,,,,,,,,,,,,,,,,,,,,,,,,,,,,,
Quest_npc002_quest1010,npc002,Stage02,dialogue,speaker_Io,이오,Io,dialogue_Quest_npc002_quest1010,$별가루는 참 신기해.$,$Stardust is truly fascinating.$,Quest_npc002_quest1010_01,,,stella_02_07,left,TRUE,DialogueBackGround2,,,,,,,,,,,,,,,,,,,,,,,,,,,,,
Quest_npc002_quest1010_01,npc002,Stage02,dialogue,speaker_Io,이오,Io,dialogue_Quest_npc002_quest1010_01,"$꿀이 되든, 사탕이 되든, 쿠키가 되든… 그 본질을 잃지 않아.$","$Whether it turns into honey, candy, or cookies… it never loses its essence.$",Quest_npc002_quest1010_02,,,stella_02_06,left,TRUE,DialogueBackGround2,,,,,,,,,,,,,,,,,,,,,,,,,,,,,
Quest_npc002_quest1010_02,npc002,Stage02,dialogue,speaker_Io,이오,Io,dialogue_Quest_npc002_quest1010_02,$이상하지 않아? 우리 별자리들마저도 정확한 정체를 몰라.$,$Isn’t that strange? Even we constellations don’t know exactly what it really is.$,Quest_npc002_quest1010_03,,,stella_02_02,left,TRUE,DialogueBackGround2,,,,,,,,,,,,,,,,,,,,,,,,,,,,,
Quest_npc002_quest1010_03,npc002,Stage02,dialogue,speaker_Io,이오,Io,dialogue_Quest_npc002_quest1010_03,$별자리와 별들을 구성하는 가장 기본적이고 근본적인 단위라는 것 이외에는…$,$All we know is that it’s the most basic and fundamental unit that makes up constellations and stars…$,Quest_npc002_quest1010_04,,,stella_02_02,left,TRUE,DialogueBackGround2,,,,,,,,,,,,,,,,,,,,,,,,,,,,,
Quest_npc002_quest1010_04,npc002,Stage02,end,speaker_Io,이오,Io,dialogue_Quest_npc002_quest1010_04,$그런 걸로 고작 케이크나 만들어 먹는다는 건 어딘가 우스운 일이야.$,"$And yet, using something like that just to bake a cake feels a little ridiculous.$",,,,stella_02_05,left,TRUE,DialogueBackGround2,,,,,,,,,,,,,,,,,,,,,,,,,,,,,
Quest_npc002_quest1011,npc002,Stage02,dialogue,speaker_Io,이오,Io,dialogue_Quest_npc002_quest1011,$요즘은 주변이 부쩍 시끄러워졌어.$,"$Lately, things around here have gotten much noisier.$",Quest_npc002_quest1011_01,,,stella_02_00,left,TRUE,DialogueBackGround2,,,,,,,,,,,,,,,,,,,,,,,,,,,,,
Quest_npc002_quest1011_01,npc002,Stage02,dialogue,speaker_Io,이오,Io,dialogue_Quest_npc002_quest1011_01,"$별자리들이 하나 둘씩 잠에서 깨어나고, 별들이 빛나기 시작하고…$","$Constellations are waking up one by one, and the stars are beginning to shine…$",Quest_npc002_quest1011_02,,,stella_02_02,left,TRUE,DialogueBackGround2,,,,,,,,,,,,,,,,,,,,,,,,,,,,,
Quest_npc002_quest1011_02,npc002,Stage02,dialogue,speaker_Io,이오,Io,dialogue_Quest_npc002_quest1011_02,"$물론, 정말 멋진 일이야. 다 리비 네 덕분이지.$","$Of course, it’s a truly wonderful thing. And it’s all thanks to you, Ribby.$",Quest_npc002_quest1011_03,,,stella_02_01,left,TRUE,DialogueBackGround2,,,,,,,,,,,,,,,,,,,,,,,,,,,,,
Quest_npc002_quest1011_03,npc002,Stage02,dialogue,speaker_Io,이오,Io,dialogue_Quest_npc002_quest1011_03,$그렇지만 가끔은... 빛 사그라들어 버린 그 날 이후의 정적이 그립기도 해.$,$But sometimes… I find myself missing the stillness that followed the day the light went out.$,Quest_npc002_quest1011_04,,,stella_02_03,left,TRUE,DialogueBackGround2,,,,,,,,,,,,,,,,,,,,,,,,,,,,,
Quest_npc002_quest1011_04,npc002,Stage02,end,speaker_Io,이오,Io,dialogue_Quest_npc002_quest1011_04,"$다른 별자리들과 다르게, 난 그런 걸 무서워 하지 않았거든.$","$Unlike the other constellations, I was never afraid of that silence.$",,,,stella_02_06,left,TRUE,DialogueBackGround2,,,,,,,,,,,,,,,,,,,,,,,,,,,,,
Quest_npc002_quest1012,npc002,Stage02,dialogue,speaker_Io,이오,Io,dialogue_Quest_npc002_quest1012,$…생각을 조금 해 봤는데.$,$…I’ve been thinking about it a little.$,Quest_npc002_quest1012_01,,,stella_02_00,left,TRUE,DialogueBackGround2,,,,,,,,,,,,,,,,,,,,,,,,,,,,,
Quest_npc002_quest1012_01,npc002,Stage02,dialogue,speaker_Io,이오,Io,dialogue_Quest_npc002_quest1012_01,"$그래도 역시, 시끌벅적한 게 좋은 것 같아.$","$And still, I think I like the lively atmosphere better.$",Quest_npc002_quest1012_02,,,stella_02_01,left,TRUE,DialogueBackGround2,,,,,,,,,,,,,,,,,,,,,,,,,,,,,
Quest_npc002_quest1012_02,npc002,Stage02,dialogue,speaker_Io,이오,Io,dialogue_Quest_npc002_quest1012_02,"$나는 조용하고, 아무도 없는 곳에서 혼자만의 시간을 보내길 좋아해.$","$I enjoy spending time alone, in a quiet place where no one else is around.$",Quest_npc002_quest1012_03,,,stella_02_01,left,TRUE,DialogueBackGround2,,,,,,,,,,,,,,,,,,,,,,,,,,,,,
Quest_npc002_quest1012_03,npc002,Stage02,dialogue,speaker_Io,이오,Io,dialogue_Quest_npc002_quest1012_03,$그러한 성향이 나보다 더욱 강한 사람들도 있겠지.$,$And I’m sure there are people out there who feel that way even more strongly than I do.$,Quest_npc002_quest1012_04,,,stella_02_03,left,TRUE,DialogueBackGround2,,,,,,,,,,,,,,,,,,,,,,,,,,,,,
Quest_npc002_quest1012_04,npc002,Stage02,dialogue,speaker_Io,이오,Io,dialogue_Quest_npc002_quest1012_04,"$하지만, 그 사람들도 반드시 한번은 바깥의 소리를 들으러 나갈 필요가 있어.$",$But even they need to step outside and listen to the sounds of the world at least once.$,Quest_npc002_quest1012_05,,,stella_02_02,left,TRUE,DialogueBackGround2,,,,,,,,,,,,,,,,,,,,,,,,,,,,,
Quest_npc002_quest1012_05,npc002,Stage02,dialogue,speaker_Io,이오,Io,dialogue_Quest_npc002_quest1012_05,$크리소는 항상 내 옆에서 귀찮게 굴었지만…$,$Chryso was always a nuisance by my side…$,Quest_npc002_quest1012_06,,,stella_02_01,left,TRUE,DialogueBackGround2,,,,,,,,,,,,,,,,,,,,,,,,,,,,,
Quest_npc002_quest1012_06,npc002,Stage02,dialogue,speaker_Io,이오,Io,dialogue_Quest_npc002_quest1012_06,"$내 곁에 아무도 없어 누군가가 필요했을 때,$","$But when there was no one around and I needed someone,$",Quest_npc002_quest1012_07,,,stella_02_06,left,TRUE,DialogueBackGround2,,,,,,,,,,,,,,,,,,,,,,,,,,,,,
Quest_npc002_quest1012_07,npc002,Stage02,dialogue,speaker_Io,이오,Io,dialogue_Quest_npc002_quest1012_07,$옆에서 귀찮게 굴어 준 것도 그 녀석이었으니까.$,$he was the one who stayed beside me and annoyed me then too.$,Quest_npc002_quest1012_08,,,stella_02_06,left,TRUE,DialogueBackGround2,,,,,,,,,,,,,,,,,,,,,,,,,,,,,
Quest_npc002_quest1012_08,npc002,Stage02,end,speaker_Io,이오,Io,dialogue_Quest_npc002_quest1012_08,$…고마운 일이지.$,$…I’m grateful for that.$,,,,stella_02_02,left,TRUE,DialogueBackGround2,,,,,,,,,,,,,,,,,,,,,,,,,,,,,
Quest_npc002_quest1013,npc002,Stage02,dialogue,speaker_Io,이오,Io,dialogue_Quest_npc002_quest1013,$휴우…$,$Phew…$,Quest_npc002_quest1013_01,,,stella_02_00,left,TRUE,DialogueBackGround2,,,,,,,,,,,,,,,,,,,,,,,,,,,,,
Quest_npc002_quest1013_01,npc002,Stage02,dialogue,speaker_Io,이오,Io,dialogue_Quest_npc002_quest1013_01,$우리가 처음 만나게 된 지도 꽤 되었구나.$,$It’s been quite some time since we first met.$,Quest_npc002_quest1013_02,,,stella_02_01,left,TRUE,DialogueBackGround2,,,,,,,,,,,,,,,,,,,,,,,,,,,,,
Quest_npc002_quest1013_02,npc002,Stage02,dialogue,speaker_Io,이오,Io,dialogue_Quest_npc002_quest1013_02,$금방 또 돌아올거지?$,"$You’ll be coming back soon, right?$",Quest_npc002_quest1013_03,,,stella_02_01,left,TRUE,DialogueBackGround2,,,,,,,,,,,,,,,,,,,,,,,,,,,,,
Quest_npc002_quest1013_03,npc002,Stage02,dialogue,speaker_Io,이오,Io,dialogue_Quest_npc002_quest1013_03,"$그럼요, 이오. 우리는 이제 친구잖아요?$","$Of course, Io. We’re friends now, aren’t we?$",Quest_npc002_quest1013_04,,,stella_02_03,left,TRUE,DialogueBackGround2,,,,,,,,,,,,,,,,,,,,,,,,,,,,,
Quest_npc002_quest1013_04,npc002,Stage02,dialogue,speaker_Io,이오,Io,dialogue_Quest_npc002_quest1013_04,"$아하하하, 그렇지.$","$Ahaha, that’s right.$",Quest_npc002_quest1013_05,,,stella_02_02,left,TRUE,DialogueBackGround2,,,,,,,,,,,,,,,,,,,,,,,,,,,,,
Quest_npc002_quest1013_05,npc002,Stage02,dialogue,speaker_Io,이오,Io,dialogue_Quest_npc002_quest1013_05,"$심심할 때도, 갑자기 생각이 날 때도, 언제든 찾아와. 친구.$","$Whenever you’re bored or suddenly think of me, you’re always welcome to visit, my friend.$",,,,stella_02_01,left,TRUE,DialogueBackGround2,,,,,,,,,,,,,,,,,,,,,,,,,,,,,
Quest_npc003__Start,npc003,Stage03,start,speaker_???,???,???,dialogue_Quest_npc003__Start,"$안녕, 네가 리비구나?$","$Hello, you must be Ribby?$",Quest_npc003__Start_01,,,stella_03_101,left,TRUE,DialogueBackGround2,,,,,,,,,,,,,,,,,,,,,,,,,,,,,
Quest_npc003__Start_01,npc003,Stage03,dialogue,speaker_Kastro,카스트로,Kastro,dialogue_Quest_npc003__Start_01,$만나서 반가워! 내 이름은 카스트로라고 해.$,$Nice to meet you! My name is Kastro.$,Quest_npc003__Start_02,,,stella_03_100,left,TRUE,DialogueBackGround2,,,,,,,,,,,,,,,,,,,,,,,,,,,,,
Quest_npc003__Start_02,npc003,Stage03,dialogue,speaker_Ribby,리비,Ribby,dialogue_Quest_npc003__Start_02,"$저도 만나서 기뻐요, 제 이름을 알고 계시는군요!$",$Nice to meet you too! You already know my name!$,Quest_npc003__Start_03,,,ribby_00,right,TRUE,DialogueBackGround2,,,,,,,,,,,,,,,,,,,,,,,,,,,,,
Quest_npc003__Start_03,npc003,Stage03,dialogue,speaker_Kastro,카스트로,Kastro,dialogue_Quest_npc003__Start_03,"$그럼, 넌 이미 유명인사야! 별가루를 모아 별자리들을 도와주고 있다고 들었어.$","$Of course, you’re already famous! I heard you’ve been collecting stardust to help the constellations.$",Quest_npc003__Start_04,,,stella_03_104,left,TRUE,DialogueBackGround2,,,,,,,,,,,,,,,,,,,,,,,,,,,,,
Quest_npc003__Start_04,npc003,Stage03,dialogue,speaker_Kastro,카스트로,Kastro,dialogue_Quest_npc003__Start_04,"$정말 대단해, 쉽지 않은 일일 텐데.$","$That’s amazing, it’s not an easy thing to do.$",Quest_npc003__Start_05,,,stella_03_105,left,TRUE,DialogueBackGround2,,,,,,,,,,,,,,,,,,,,,,,,,,,,,
Quest_npc003__Start_05,npc003,Stage03,dialogue,speaker_Ribby,리비,Ribby,dialogue_Quest_npc003__Start_05,$에이~ 별 거 아니에요. 오히려 재밌는걸요?$,$Oh~ it’s nothing really. It’s actually quite fun!$,Quest_npc003__Start_06,,,ribby_00,right,TRUE,DialogueBackGround2,,,,,,,,,,,,,,,,,,,,,,,,,,,,,
Quest_npc003__Start_06,npc003,Stage03,dialogue,speaker_Ribby,리비,Ribby,dialogue_Quest_npc003__Start_06,"$조금만 기다려 주세요, 카스트로. 금방 별자리들을 만들어 올게요!$","$Please wait a moment, Kastro. I’ll go make the constellations right away!$",Quest_npc003__Start_07,,,ribby_00,right,TRUE,DialogueBackGround2,,,,,,,,,,,,,,,,,,,,,,,,,,,,,
Quest_npc003__Start_07,npc003,Stage03,dialogue,speaker_Kastro,카스트로,Kastro,dialogue_Quest_npc003__Start_07,"$아아, 정말 고마워!! 폴로도 분명 기뻐할 거야...$","$Ahh, thank you so much!! Pollo will surely be happy too...$",Quest_npc003__Start_08,,,stella_03_105,left,TRUE,DialogueBackGround2,,,,,,,,,,,,,,,,,,,,,,,,,,,,,
Quest_npc003__Start_08,npc003,Stage03,dialogue,speaker_Kastro,카스트로,Kastro,dialogue_Quest_npc003__Start_08,$내가 무엇을 도와줄 수 있을 지는 잘 모르겠지만…$,"$I’m not sure what I can do to help, but...$",Quest_npc003__Start_09,,,stella_03_103,left,TRUE,DialogueBackGround2,,,,,,,,,,,,,,,,,,,,,,,,,,,,,
Quest_npc003__Start_09,npc003,Stage03,end,speaker_Kastro,카스트로,Kastro,dialogue_Quest_npc003__Start_09,"$나는 널 항상 응원하고 있을 테니, 그럼 파이팅이야!$","$I’ll always be cheering for you. So, keep it up!$",,,,stella_03_106,left,TRUE,DialogueBackGround2,,,,,,,,,,,,,,,,,,,,,,,,,,,,,
Quest_npc003_quest2001,npc003,Stage03,start,speaker_Kastro,카스트로,Kastro,dialogue_Quest_npc003_quest2001,"$와아! 별가루라니, 정말 오랜만이야.$",$Wow! Stardust— it’s been so long since I last saw it.$,Quest_npc003_quest2001_01,,,stella_03_105,left,TRUE,DialogueBackGround2,,,,,,,,,,,,,,,,,,,,,,,,,,,,,
Quest_npc003_quest2001_01,npc003,Stage03,dialogue,speaker_Kastro,카스트로,Kastro,dialogue_Quest_npc003_quest2001_01,"$다시 한번 고마워, 리비!$","$Thank you again, Ribby!$",Quest_npc003_quest2001_02,,,stella_03_100,left,TRUE,DialogueBackGround2,,,,,,,,,,,,,,,,,,,,,,,,,,,,,
Quest_npc003_quest2001_02,npc003,Stage03,dialogue,speaker_Ribby,리비,Ribby,dialogue_Quest_npc003_quest2001_02,$필요하면 얼마든지 만들 수 있어요!$,$I can make as much as you need!$,Quest_npc003_quest2001_03,,,ribby_00,right,TRUE,DialogueBackGround2,,,,,,,,,,,,,,,,,,,,,,,,,,,,,
Quest_npc003_quest2001_03,npc003,Stage03,dialogue,speaker_Kastro,카스트로,Kastro,dialogue_Quest_npc003_quest2001_03,$하하! 정말 멋지네.$,$Haha! You’re truly amazing.$,Quest_npc003_quest2001_04,,,stella_03_105,left,TRUE,DialogueBackGround2,,,,,,,,,,,,,,,,,,,,,,,,,,,,,
Quest_npc003_quest2001_04,npc003,Stage03,dialogue,speaker_Kastro,카스트로,Kastro,dialogue_Quest_npc003_quest2001_04,"$네가 만들어 준 이 별가루들, 정말로 풍부한 향이야.$",$This stardust you made has such a rich fragrance.$,Quest_npc003_quest2001_05,,,stella_03_101,left,TRUE,DialogueBackGround2,,,,,,,,,,,,,,,,,,,,,,,,,,,,,
Quest_npc003_quest2001_05,npc003,Stage03,dialogue,speaker_Kastro,카스트로,Kastro,dialogue_Quest_npc003_quest2001_05,$별꿀로 빚어낸 별가루에는… 남다른 특별함이 있지.$,$Stardust brewed from star nectar… it has something truly special.$,Quest_npc003_quest2001_06,,,stella_03_107,left,TRUE,DialogueBackGround2,,,,,,,,,,,,,,,,,,,,,,,,,,,,,
Quest_npc003_quest2001_06,npc003,Stage03,dialogue,speaker_Ribby,리비,Ribby,dialogue_Quest_npc003_quest2001_06,"$별꿀도, 별꽃도, 어떠한 형태로든 전부 별가루라고 불리는군요?$","$Star nectar, star flowers… and they’re all called stardust in their own way?$",Quest_npc003_quest2001_07,,,ribby_00,right,TRUE,DialogueBackGround2,,,,,,,,,,,,,,,,,,,,,,,,,,,,,
Quest_npc003_quest2001_07,npc003,Stage03,dialogue,speaker_Kastro,카스트로,Kastro,dialogue_Quest_npc003_quest2001_07,"$맞아! 어떤 모습으로 만들어져도, 본질은 변하지 않거든.$","$That’s right! No matter what form it takes, its essence never changes.$",Quest_npc003_quest2001_08,,,stella_03_103,left,TRUE,DialogueBackGround2,,,,,,,,,,,,,,,,,,,,,,,,,,,,,
Quest_npc003_quest2001_08,npc003,Stage03,dialogue,speaker_Kastro,카스트로,Kastro,dialogue_Quest_npc003_quest2001_08,$우리의 정신과 영혼을 하나의 세계로 인도하는 것.$,$It guides our spirit and soul toward one world.$,Quest_npc003_quest2001_09,,,stella_03_107,left,TRUE,DialogueBackGround2,,,,,,,,,,,,,,,,,,,,,,,,,,,,,
Quest_npc003_quest2001_09,npc003,Stage03,dialogue,speaker_Kastro,카스트로,Kastro,dialogue_Quest_npc003_quest2001_09,$과거에 저편에서 발생한 거대한 폭발…$,"$A great explosion that occurred long ago, on the other side…$",Quest_npc003_quest2001_10,,,stella_03_100,left,TRUE,DialogueBackGround2,,,,,,,,,,,,,,,,,,,,,,,,,,,,,
Quest_npc003_quest2001_10,npc003,Stage03,dialogue,speaker_Kastro,카스트로,Kastro,dialogue_Quest_npc003_quest2001_10,"$우리 모두가, 그 속에서 태어난… 별가루니까.$",$We were all born from within it… from stardust itself.$,Quest_npc003_quest2001_11,,,stella_03_101,left,TRUE,DialogueBackGround2,,,,,,,,,,,,,,,,,,,,,,,,,,,,,
Quest_npc003_quest2001_11,npc003,Stage03,end,speaker_Ribby,리비,Ribby,dialogue_Quest_npc003_quest2001_11,$심오한… 이야기로군요…$,$That’s such… a profound story…$,,,,ribby_00,right,TRUE,DialogueBackGround2,,,,,,,,,,,,,,,,,,,,,,,,,,,,,
Quest_npc003_quest2002,npc003,Stage03,start,speaker_Kastro,카스트로,Kastro,dialogue_Quest_npc003_quest2002,"$이번에도, 별가루 고마워!$",$Thank you again for the stardust!$,Quest_npc003_quest2003_01,,,stella_03_101,left,TRUE,DialogueBackGround2,,,,,,,,,,,,,,,,,,,,,,,,,,,,,
Quest_npc003_quest2002_01,npc003,Stage03,dialogue,speaker_Kastro,카스트로,Kastro,dialogue_Quest_npc003_quest2002_01,"$동생도, 분명 기뻐할 거야.$",$My little sister will surely be happy too.$,Quest_npc003_quest2003_02,,,stella_03_100,left,TRUE,DialogueBackGround2,,,,,,,,,,,,,,,,,,,,,,,,,,,,,
Quest_npc003_quest2003_02,npc003,Stage03,dialogue,speaker_Ribby,리비,Ribby,dialogue_Quest_npc003_quest2003_02,$동생…이요?$,$Your sister…?$,Quest_npc003_quest2003_03,,,ribby_00,right,TRUE,DialogueBackGround2,,,,,,,,,,,,,,,,,,,,,,,,,,,,,
Quest_npc003_quest2003_03,npc003,Stage03,dialogue,speaker_Kastro,카스트로,Kastro,dialogue_Quest_npc003_quest2003_03,"$응. 쌍둥이 별자리는 나와 동생이, 둘이서 하나인 별자리야.$","$Yeah. The Gemini constellation— it’s my sister and me, two as one.$",Quest_npc003_quest2003_04,,,stella_03_100,left,TRUE,DialogueBackGround2,,,,,,,,,,,,,,,,,,,,,,,,,,,,,
Quest_npc003_quest2003_04,npc003,Stage03,dialogue,speaker_Kastro,카스트로,Kastro,dialogue_Quest_npc003_quest2003_04,"$내가 잠에 들면, 동생이 밖으로 나와.$","$When I fall asleep, my sister comes out.$",Quest_npc003_quest2003_05,,,stella_03_101,left,TRUE,DialogueBackGround2,,,,,,,,,,,,,,,,,,,,,,,,,,,,,
Quest_npc003_quest2003_05,npc003,Stage03,dialogue,speaker_Kastro,카스트로,Kastro,dialogue_Quest_npc003_quest2003_05,"$동생이 잠에 들면, 다시 내가 밖으로 나오지.$","$When she falls asleep, I come out again.$",Quest_npc003_quest2003_06,,,stella_03_101,left,TRUE,DialogueBackGround2,,,,,,,,,,,,,,,,,,,,,,,,,,,,,
Quest_npc003_quest2003_06,npc003,Stage03,dialogue,speaker_Ribby,리비,Ribby,dialogue_Quest_npc003_quest2003_06,$서로 교대를 서는 것 같네요!$,"$So, you take turns keeping watch!$",Quest_npc003_quest2003_07,,,ribby_00,right,TRUE,DialogueBackGround2,,,,,,,,,,,,,,,,,,,,,,,,,,,,,
Quest_npc003_quest2003_07,npc003,Stage03,dialogue,speaker_Ribby,리비,Ribby,dialogue_Quest_npc003_quest2003_07,"$하지만, 그렇게 되면 두 사람은 서로를 영원히 볼 수 없는 것 아닌가요…?$","$But… if that’s the case, doesn’t it mean you two can never see each other…?$",Quest_npc003_quest2003_08,,,ribby_00,right,TRUE,DialogueBackGround2,,,,,,,,,,,,,,,,,,,,,,,,,,,,,
Quest_npc003_quest2003_08,npc003,Stage03,dialogue,speaker_Ribby,리비,Ribby,dialogue_Quest_npc003_quest2003_08,$그건 조금 슬픈 것 같아요…$,$That sounds a little sad…$,Quest_npc003_quest2003_09,,,ribby_00,right,TRUE,DialogueBackGround2,,,,,,,,,,,,,,,,,,,,,,,,,,,,,
Quest_npc003_quest2003_09,npc003,Stage03,dialogue,speaker_Kastro,카스트로,Kastro,dialogue_Quest_npc003_quest2003_09,$꼭 그렇지는 않아.$,$Not exactly.$,Quest_npc003_quest2003_10,,,stella_03_103,left,TRUE,DialogueBackGround2,,,,,,,,,,,,,,,,,,,,,,,,,,,,,
Quest_npc003_quest2003_10,npc003,Stage03,end,speaker_Kastro,카스트로,Kastro,dialogue_Quest_npc003_quest2003_10,$네 말대로 우리는 서로의 얼굴을 볼 수 없지만… 언제나 함께 있는 셈이거든.$,"$As you said, we can’t see each other’s faces… but we’re always together in a way.$",,,,stella_03_100,left,TRUE,DialogueBackGround2,,,,,,,,,,,,,,,,,,,,,,,,,,,,,
Quest_npc003_quest2003,npc003,Stage03,start,speaker_Kastro,카스트로,Kastro,dialogue_Quest_npc003_quest2003,"$리비. 널 보면, 동생의 옛날 모습이 떠올라.$","$Ribby, when I see you, I’m reminded of my sister’s younger days.$",Quest_npc003_quest2003_01,,,stella_03_102,left,TRUE,DialogueBackGround2,,,,,,,,,,,,,,,,,,,,,,,,,,,,,
Quest_npc003_quest2003_01,npc003,Stage03,dialogue,speaker_Kastro,카스트로,Kastro,dialogue_Quest_npc003_quest2003_01,$그 녀석도 너처럼 밝고 활기찬 때가 있었는데…$,"$She used to be bright and full of energy, just like you...$",Quest_npc003_quest2003_02,,,stella_03_108,left,TRUE,DialogueBackGround2,,,,,,,,,,,,,,,,,,,,,,,,,,,,,
Quest_npc003_quest2003_02,npc003,Stage03,dialogue,speaker_Ribby,리비,Ribby,dialogue_Quest_npc003_quest2003_02,$동생에게… 무슨 일이 있는 건가요…?$,$Did something happen to your sister…?$,Quest_npc003_quest2003_03,,,ribby_00,right,TRUE,DialogueBackGround2,,,,,,,,,,,,,,,,,,,,,,,,,,,,,
Quest_npc003_quest2003_03,npc003,Stage03,dialogue,speaker_Kastro,카스트로,Kastro,dialogue_Quest_npc003_quest2003_03,$사실… 폴로는 밖으로 나온 지 조금 됐어.$,$Actually… Pollo hasn’t come out for a while now.$,Quest_npc003_quest2003_04,,,stella_03_109,left,TRUE,DialogueBackGround2,,,,,,,,,,,,,,,,,,,,,,,,,,,,,
Quest_npc003_quest2003_04,npc003,Stage03,dialogue,speaker_Kastro,카스트로,Kastro,dialogue_Quest_npc003_quest2003_04,"$도통 밖으로 나오려 하질 않아서, 여때까지 내가 쭉 바깥에 있었지.$","$She just doesn’t seem to want to, so I’ve been outside all this time.$",Quest_npc003_quest2003_05,,,stella_03_108,left,TRUE,DialogueBackGround2,,,,,,,,,,,,,,,,,,,,,,,,,,,,,
Quest_npc003_quest2003_05,npc003,Stage03,dialogue,speaker_Kastro,카스트로,Kastro,dialogue_Quest_npc003_quest2003_05,$속상한 일이 있었던 것 같기는 한데… 자세히는 알 수가 없으니…$,$I think something happened that made her sad… but I’m not sure what.$,Quest_npc003_quest2003_06,,,stella_03_108,left,TRUE,DialogueBackGround2,,,,,,,,,,,,,,,,,,,,,,,,,,,,,
Quest_npc003_quest2003_06,npc003,Stage03,end,speaker_Ribby,리비,Ribby,dialogue_Quest_npc003_quest2003_06,$그렇군요…$,$I see…$,,,,ribby_00,right,TRUE,DialogueBackGround2,,,,,,,,,,,,,,,,,,,,,,,,,,,,,
Quest_npc003_quest2004,npc003,Stage03,start,speaker_Ribby,리비,Ribby,dialogue_Quest_npc003_quest2004,"$카스트로, 궁금한 것이 있어요.$","$Kastro, I have a question.$",Quest_npc003_quest2004_01,,,ribby_00,right,TRUE,DialogueBackGround2,,,,,,,,,,,,,,,,,,,,,,,,,,,,,
Quest_npc003_quest2004_01,npc003,Stage03,dialogue,speaker_Kastro,카스트로,Kastro,dialogue_Quest_npc003_quest2004_01,"$응! 말해 봐. 너가 궁금한 거라면, 뭐든지 대답해 줄게.$",$Sure! Go ahead. I’ll answer anything you’re curious about.$,Quest_npc003_quest2004_02,,,stella_03_101,left,TRUE,DialogueBackGround2,,,,,,,,,,,,,,,,,,,,,,,,,,,,,
Quest_npc003_quest2004_02,npc003,Stage03,dialogue,speaker_Ribby,리비,Ribby,dialogue_Quest_npc003_quest2004_02,$동생이 밖으로 나오지 않게 된 건… 얼마 전에 있었던 일이에요?$,$Has it been long since your sister stopped coming out?$,Quest_npc003_quest2004_03,,,ribby_00,right,TRUE,DialogueBackGround2,,,,,,,,,,,,,,,,,,,,,,,,,,,,,
Quest_npc003_quest2004_03,npc003,Stage03,dialogue,speaker_Kastro,카스트로,Kastro,dialogue_Quest_npc003_quest2004_03,$음… 글쎄? 그렇게까지 오래 지나지는 않았어.$,"$Hmm… let’s see? Not that long, I suppose.$",Quest_npc003_quest2004_04,,,stella_03_102,left,TRUE,DialogueBackGround2,,,,,,,,,,,,,,,,,,,,,,,,,,,,,
Quest_npc003_quest2004_04,npc003,Stage03,dialogue,speaker_Ribby,리비,Ribby,dialogue_Quest_npc003_quest2004_04,$그렇다면…$,$Then…$,Quest_npc003_quest2004_05,,,ribby_00,right,TRUE,DialogueBackGround2,,,,,,,,,,,,,,,,,,,,,,,,,,,,,
Quest_npc003_quest2004_05,npc003,Stage03,dialogue,speaker_Kastro,카스트로,Kastro,dialogue_Quest_npc003_quest2004_05,$한…$,$Maybe…$,Quest_npc003_quest2004_06,,,stella_03_102,left,TRUE,DialogueBackGround2,,,,,,,,,,,,,,,,,,,,,,,,,,,,,
Quest_npc003_quest2004_06,npc003,Stage03,dialogue,speaker_Kastro,카스트로,Kastro,dialogue_Quest_npc003_quest2004_06,$…$,$…$,Quest_npc003_quest2004_07,,,stella_03_109,left,TRUE,DialogueBackGround2,,,,,,,,,,,,,,,,,,,,,,,,,,,,,
Quest_npc003_quest2004_07,npc003,Stage03,dialogue,speaker_Kastro,카스트로,Kastro,dialogue_Quest_npc003_quest2004_07,$…400년 정도?$,$…about 400 years?$,Quest_npc003_quest2004_08,,,stella_03_100,left,TRUE,DialogueBackGround2,,,,,,,,,,,,,,,,,,,,,,,,,,,,,
Quest_npc003_quest2004_08,npc003,Stage03,dialogue,speaker_Ribby,리비,Ribby,dialogue_Quest_npc003_quest2004_08,$…$,$…$,Quest_npc003_quest2004_09,,,ribby_00,right,TRUE,DialogueBackGround2,,,,,,,,,,,,,,,,,,,,,,,,,,,,,
Quest_npc003_quest2004_09,npc003,Stage03,dialogue,speaker_Ribby,리비,Ribby,dialogue_Quest_npc003_quest2004_09,$…네?$,$…Excuse me?$,Quest_npc003_quest2004_10,,,ribby_00,right,TRUE,DialogueBackGround2,,,,,,,,,,,,,,,,,,,,,,,,,,,,,
Quest_npc003_quest2004_10,npc003,Stage03,dialogue,speaker_Kastro,카스트로,Kastro,dialogue_Quest_npc003_quest2004_10,"$아, 석상으로 잠들어 있었던 기간을 빼면 더 길어져. 잠시만 기다려 봐…$","$Ah, if you don’t count the time I spent sleeping as a statue, it’d be even longer. Wait a sec…$",Quest_npc003_quest2004_11,,,stella_03_101,left,TRUE,DialogueBackGround2,,,,,,,,,,,,,,,,,,,,,,,,,,,,,
Quest_npc003_quest2004_11,npc003,Stage03,dialogue,speaker_Ribby,리비,Ribby,dialogue_Quest_npc003_quest2004_11,$아니… 아니에요… 그거면 충분해요.$,"$No… no, that’s quite enough.$",Quest_npc003_quest2004_12,,,ribby_00,right,TRUE,DialogueBackGround2,,,,,,,,,,,,,,,,,,,,,,,,,,,,,
Quest_npc003_quest2004_12,npc003,Stage03,end,speaker_Ribby,리비,Ribby,dialogue_Quest_npc003_quest2004_12,$사백 년… 사백… 하하…$,$Four hundred years… four hundred… haha…$,,,,ribby_00,right,TRUE,DialogueBackGround2,,,,,,,,,,,,,,,,,,,,,,,,,,,,,
Quest_npc003_quest2005,npc003,Stage03,start,speaker_Ribby,리비,Ribby,dialogue_Quest_npc003_quest2005,"$카스트로, 할 말이 있어요.$","$Kastro, I have something to say.$",Quest_npc003_quest2005_01,,,ribby_00,right,TRUE,DialogueBackGround2,,,,,,,,,,,,,,,,,,,,,,,,,,,,,
Quest_npc003_quest2005_01,npc003,Stage03,dialogue,speaker_Kastro,카스트로,Kastro,dialogue_Quest_npc003_quest2005_01,"$으, 응. 엄청나게 진지한 표정이네.$","$Uh, yeah. You look really serious.$",Quest_npc003_quest2005_02,,,stella_03_110,left,TRUE,DialogueBackGround2,,,,,,,,,,,,,,,,,,,,,,,,,,,,,
Quest_npc003_quest2005_02,npc003,Stage03,dialogue,speaker_Ribby,리비,Ribby,dialogue_Quest_npc003_quest2005_02,"$그래요, 진지한 일이에요.$","$That’s right, it’s something serious.$",Quest_npc003_quest2005_03,,,ribby_00,right,TRUE,DialogueBackGround2,,,,,,,,,,,,,,,,,,,,,,,,,,,,,
Quest_npc003_quest2005_03,npc003,Stage03,dialogue,speaker_Ribby,리비,Ribby,dialogue_Quest_npc003_quest2005_03,$동생이 밖으로 나오지 않게 된 400년 이라는 시간은 말이죠… $,$That 400 years since your sister stopped coming out…$,Quest_npc003_quest2005_04,,,ribby_00,right,TRUE,DialogueBackGround2,,,,,,,,,,,,,,,,,,,,,,,,,,,,,
Quest_npc003_quest2005_04,npc003,Stage03,dialogue,speaker_Ribby,리비,Ribby,dialogue_Quest_npc003_quest2005_04,$엄청나게 오랜 세월을 살아 온 신들에겐 찰나의 순간일 수 있지만…$,"$To the gods who have lived for ages, it might seem like just a fleeting moment…$",Quest_npc003_quest2005_05,,,ribby_00,right,TRUE,DialogueBackGround2,,,,,,,,,,,,,,,,,,,,,,,,,,,,,
Quest_npc003_quest2005_05,npc003,Stage03,dialogue,speaker_Ribby,리비,Ribby,dialogue_Quest_npc003_quest2005_05,$사이가 멀어진 두 명의 사람이 화해하기에는 끔찍하게 긴 시간일 수도 있다구요.$,"$But for two people who’ve grown apart, it could be an unbearably long time to make amends.$",Quest_npc003_quest2005_06,,,ribby_00,right,TRUE,DialogueBackGround2,,,,,,,,,,,,,,,,,,,,,,,,,,,,,
Quest_npc003_quest2005_06,npc003,Stage03,dialogue,speaker_Kastro,카스트로,Kastro,dialogue_Quest_npc003_quest2005_06,$어… 역시 그런 걸까…$,$Ah… I guess you’re right…$,Quest_npc003_quest2005_07,,,stella_03_108,left,TRUE,DialogueBackGround2,,,,,,,,,,,,,,,,,,,,,,,,,,,,,
Quest_npc003_quest2005_07,npc003,Stage03,dialogue,speaker_Ribby,리비,Ribby,dialogue_Quest_npc003_quest2005_07,$다른 별자리들도 동생을 보고 싶어하지 않을까요?$,$Don’t you think the other constellations also want to see your sister?$,Quest_npc003_quest2005_08,,,ribby_00,right,TRUE,DialogueBackGround2,,,,,,,,,,,,,,,,,,,,,,,,,,,,,
Quest_npc003_quest2005_08,npc003,Stage03,dialogue,speaker_Kastro,카스트로,Kastro,dialogue_Quest_npc003_quest2005_08,"$…맞아. 크리소도, 이오도, 동생이 밖으로 나오지를 않으니 잔뜩 걱정하고 있어.$",$…Yeah. Chrysos and Io have both been worried since she stopped coming out.$,Quest_npc003_quest2005_09,,,stella_03_109,left,TRUE,DialogueBackGround2,,,,,,,,,,,,,,,,,,,,,,,,,,,,,
Quest_npc003_quest2005_09,npc003,Stage03,dialogue,speaker_Kastro,카스트로,Kastro,dialogue_Quest_npc003_quest2005_09,$계속… 이야기를 시도해 봐야 겠네.$,$I should keep trying to talk to her.$,Quest_npc003_quest2005_10,,,stella_03_102,left,TRUE,DialogueBackGround2,,,,,,,,,,,,,,,,,,,,,,,,,,,,,
Quest_npc003_quest2005_10,npc003,Stage03,dialogue,speaker_Kastro,카스트로,Kastro,dialogue_Quest_npc003_quest2005_10,"$고마워, 리비.$","$Thank you, Ribby.$",Quest_npc003_quest2005_11,,,stella_03_100,left,TRUE,DialogueBackGround2,,,,,,,,,,,,,,,,,,,,,,,,,,,,,
Quest_npc003_quest2005_11,npc003,Stage03,end,speaker_Ribby,리비,Ribby,dialogue_Quest_npc003_quest2005_11,$별 말씀을요.$,$You’re very welcome.$,,,,ribby_00,right,TRUE,DialogueBackGround2,,,,,,,,,,,,,,,,,,,,,,,,,,,,,
Quest_npc003_quest2006,npc003,Stage03,start,speaker_Kastro,카스트로,Kastro,dialogue_Quest_npc003_quest2006,$…별얼음.$,$…Star Ice.$,Quest_npc003_quest2006_01,,,stella_03_102,left,TRUE,DialogueBackGround2,,,,,,,,,,,,,,,,,,,,,,,,,,,,,
Quest_npc003_quest2006_01,npc003,Stage03,dialogue,speaker_Kastro,카스트로,Kastro,dialogue_Quest_npc003_quest2006_01,$동생이 제일 좋아하는 별가루야.$,$It’s my sister’s favorite kind of stardust.$,Quest_npc003_quest2006_02,,,stella_03_101,left,TRUE,DialogueBackGround2,,,,,,,,,,,,,,,,,,,,,,,,,,,,,
Quest_npc003_quest2006_02,npc003,Stage03,dialogue,speaker_Kastro,카스트로,Kastro,dialogue_Quest_npc003_quest2006_02,"$우리는 둘이서 하나지만… 성격도, 취향도, 참 달랐지.$","$Though we’re one, our personalities and tastes were always so different.$",Quest_npc003_quest2006_03,,,stella_03_100,left,TRUE,DialogueBackGround2,,,,,,,,,,,,,,,,,,,,,,,,,,,,,
Quest_npc003_quest2006_03,npc003,Stage03,dialogue,speaker_Kastro,카스트로,Kastro,dialogue_Quest_npc003_quest2006_03,"$리비, 너에게도 형제자매가 있니?$","$Ribby, do you have any brothers or sisters?$",Quest_npc003_quest2006_04,,,stella_03_100,left,TRUE,DialogueBackGround2,,,,,,,,,,,,,,,,,,,,,,,,,,,,,
Quest_npc003_quest2006_04,npc003,Stage03,dialogue,speaker_Ribby,리비,Ribby,dialogue_Quest_npc003_quest2006_04,$아아뇨. 대신 저에게는 친구들이 있어요.$,"$No, I don’t. But I do have friends.$",Quest_npc003_quest2006_05,,,ribby_00,right,TRUE,DialogueBackGround2,,,,,,,,,,,,,,,,,,,,,,,,,,,,,
Quest_npc003_quest2006_05,npc003,Stage03,dialogue,speaker_Kastro,카스트로,Kastro,dialogue_Quest_npc003_quest2006_05,$그거 좋은데. 네 친구들도 다들 너처럼 멋진 친구들이겠지.$,$That’s nice. I bet your friends are as wonderful as you are.$,Quest_npc003_quest2006_06,,,stella_03_103,left,TRUE,DialogueBackGround2,,,,,,,,,,,,,,,,,,,,,,,,,,,,,
Quest_npc003_quest2006_06,npc003,Stage03,dialogue,speaker_Kastro,카스트로,Kastro,dialogue_Quest_npc003_quest2006_06,$형제자매는… 아주 가까운 친구와 같아.$,$Brothers and sisters… they’re like very close friends.$,Quest_npc003_quest2006_07,,,stella_03_107,left,TRUE,DialogueBackGround2,,,,,,,,,,,,,,,,,,,,,,,,,,,,,
Quest_npc003_quest2006_07,npc003,Stage03,dialogue,speaker_Kastro,카스트로,Kastro,dialogue_Quest_npc003_quest2006_07,$정말 가까이서 오랜 세월 함께 지내지만… $,"$You spend countless years together, side by side…$",Quest_npc003_quest2006_08,,,stella_03_100,left,TRUE,DialogueBackGround2,,,,,,,,,,,,,,,,,,,,,,,,,,,,,
Quest_npc003_quest2006_08,npc003,Stage03,dialogue,speaker_Kastro,카스트로,Kastro,dialogue_Quest_npc003_quest2006_08,"$결국 나와는 다른, 이해와 배려가 필요한 타인이야.$","$But in the end, they’re still someone different from you — someone who needs understanding and care.$",Quest_npc003_quest2006_09,,,stella_03_100,left,TRUE,DialogueBackGround2,,,,,,,,,,,,,,,,,,,,,,,,,,,,,
Quest_npc003_quest2006_09,npc003,Stage03,dialogue,speaker_Kastro,카스트로,Kastro,dialogue_Quest_npc003_quest2006_09,"$어쩌면 나는, 그걸 잊고 있었는지도 몰라…$",$Maybe… I had forgotten that.$,Quest_npc003_quest2006_10,,,stella_03_102,left,TRUE,DialogueBackGround2,,,,,,,,,,,,,,,,,,,,,,,,,,,,,
Quest_npc003_quest2006_10,npc003,Stage03,dialogue,speaker_Ribby,리비,Ribby,dialogue_Quest_npc003_quest2006_10,$(정말 사려 깊은 사람이네...)$,$(What a thoughtful person...)$,,,,ribby_00,right,TRUE,DialogueBackGround2,,,,,,,,,,,,,,,,,,,,,,,,,,,,,
Quest_npc003_quest2007,npc003,Stage03,start,speaker_Kastro,카스트로,Kastro,dialogue_Quest_npc003_quest2007,"$리비, 오늘도 별가루를 챙겨 줘서 고마워.$","$Ribby, thank you for bringing the stardust again today.$",Quest_npc003_quest2007_01,,,stella_03_104,left,TRUE,DialogueBackGround2,,,,,,,,,,,,,,,,,,,,,,,,,,,,,
Quest_npc003_quest2007_01,npc003,Stage03,dialogue,speaker_Ribby,리비,Ribby,dialogue_Quest_npc003_quest2007_01,$오늘은 쿠키도 만들어 보았어요.$,"$Today, I even made some cookies.$",Quest_npc003_quest2007_02,,,ribby_00,right,TRUE,DialogueBackGround2,,,,,,,,,,,,,,,,,,,,,,,,,,,,,
Quest_npc003_quest2007_02,npc003,Stage03,dialogue,speaker_Ribby,리비,Ribby,dialogue_Quest_npc003_quest2007_02,$이오 님이 살짝 말씀하신 건데… 정말로 별가루로 쿠키를 만들 수 있을 줄은 몰랐어요.$,"$Lord Io mentioned it briefly, but… I didn’t think you could actually make cookies with stardust!$",Quest_npc003_quest2007_03,,,ribby_00,right,TRUE,DialogueBackGround2,,,,,,,,,,,,,,,,,,,,,,,,,,,,,
Quest_npc003_quest2007_03,npc003,Stage03,dialogue,speaker_Kastro,카스트로,Kastro,dialogue_Quest_npc003_quest2007_03,$별가루로 만들지 못하는 것은 없지. 케이크를 만들어 먹는 녀석도 있다고.$,$There’s nothing that can’t be made from stardust. Some even bake cakes with it.$,Quest_npc003_quest2007_04,,,stella_03_106,left,TRUE,DialogueBackGround2,,,,,,,,,,,,,,,,,,,,,,,,,,,,,
Quest_npc003_quest2007_04,npc003,Stage03,dialogue,speaker_Ribby,리비,Ribby,dialogue_Quest_npc003_quest2007_04,$별가루로 케이크를 만드는 것은 엄청난 도전이 될 것 같네요…!$,$Making a cake out of stardust sounds like quite the challenge…!$,Quest_npc003_quest2007_05,,,ribby_00,right,TRUE,DialogueBackGround2,,,,,,,,,,,,,,,,,,,,,,,,,,,,,
Quest_npc003_quest2007_05,npc003,Stage03,dialogue,speaker_Kastro,카스트로,Kastro,dialogue_Quest_npc003_quest2007_05,"$어, 그게… 부담을 주려던 건 아니었는데. 어쩐지 미안하네, 하하.$","$Oh, I didn’t mean to pressure you. Sorry if I did, haha.$",Quest_npc003_quest2007_06,,,stella_03_110,left,TRUE,DialogueBackGround2,,,,,,,,,,,,,,,,,,,,,,,,,,,,,
Quest_npc003_quest2007_06,npc003,Stage03,dialogue,speaker_Kastro,카스트로,Kastro,dialogue_Quest_npc003_quest2007_06,"$아 참, 그러고보니 있잖아, 리비…$","$Oh right, that reminds me, Ribby…$",Quest_npc003_quest2007_07,,,stella_03_101,left,TRUE,DialogueBackGround2,,,,,,,,,,,,,,,,,,,,,,,,,,,,,
Quest_npc003_quest2007_07,npc003,Stage03,dialogue,speaker_Kastro,카스트로,Kastro,dialogue_Quest_npc003_quest2007_07,$조만간 동생에게 이야기를 건네 볼 참이야.$,$I’m planning to talk to my sister soon.$,Quest_npc003_quest2007_08,,,stella_03_100,left,TRUE,DialogueBackGround2,,,,,,,,,,,,,,,,,,,,,,,,,,,,,
Quest_npc003_quest2007_08,npc003,Stage03,dialogue,speaker_Ribby,리비,Ribby,dialogue_Quest_npc003_quest2007_08,$…아직 아무 얘기도 안 한 거에요?!$,$…You haven’t said anything to her yet?!$,Quest_npc003_quest2007_09,,,ribby_00,right,TRUE,DialogueBackGround2,,,,,,,,,,,,,,,,,,,,,,,,,,,,,
Quest_npc003_quest2007_09,npc003,Stage03,dialogue,speaker_Kastro,카스트로,Kastro,dialogue_Quest_npc003_quest2007_09,"$저기, 나도 마음의 준비를 할 시간이 필요하다고.$","$Hey, I just needed some time to prepare myself.$",Quest_npc003_quest2007_10,,,stella_03_110,left,TRUE,DialogueBackGround2,,,,,,,,,,,,,,,,,,,,,,,,,,,,,
Quest_npc003_quest2007_10,npc003,Stage03,end,speaker_Ribby,리비,Ribby,dialogue_Quest_npc003_quest2007_10,$어째서 그 상태로 400년이란 시간이 흘렸는 지 알 것 같기도 하네요…$,$Now I think I understand how that 400 years went by so easily…$,,,,ribby_00,right,TRUE,DialogueBackGround2,,,,,,,,,,,,,,,,,,,,,,,,,,,,,
Quest_npc003_quest2008,npc003,Stage03,start,speaker_Kastro,카스트로,Kastro,dialogue_Quest_npc003_quest2008,$슬슬 때가 되었구나. 힘이 충분히 돌아온 것 같아.$,$It’s about time. I can feel my strength returning.$,Quest_npc003_quest2008_01,,,stella_03_100,left,TRUE,DialogueBackGround2,,,,,,,,,,,,,,,,,,,,,,,,,,,,,
Quest_npc003_quest2008_01,npc003,Stage03,dialogue,speaker_Ribby,리비,Ribby,dialogue_Quest_npc003_quest2008_01,"$수고하셨어요, 카스트로!$","$You’ve done great, Kastro!$",Quest_npc003_quest2008_02,,,ribby_00,right,TRUE,DialogueBackGround2,,,,,,,,,,,,,,,,,,,,,,,,,,,,,
Quest_npc003_quest2008_02,npc003,Stage03,dialogue,speaker_Kastro,카스트로,Kastro,dialogue_Quest_npc003_quest2008_02,"$하하하! 수고는 네가 다 했지, 리비.$","$Hahaha! You’re the one who did all the hard work, Ribby.$",Quest_npc003_quest2008_03,,,stella_03_105,left,TRUE,DialogueBackGround2,,,,,,,,,,,,,,,,,,,,,,,,,,,,,
Quest_npc003_quest2008_03,npc003,Stage03,dialogue,speaker_Kastro,카스트로,Kastro,dialogue_Quest_npc003_quest2008_03,$다음은… 게 별자리로 가는구나..$,"$Next is… the Cancer constellation, right?$",Quest_npc003_quest2008_04,,,stella_03_102,left,TRUE,DialogueBackGround2,,,,,,,,,,,,,,,,,,,,,,,,,,,,,
Quest_npc003_quest2008_04,npc003,Stage03,dialogue,speaker_Kastro,카스트로,Kastro,dialogue_Quest_npc003_quest2008_04,"$에너지가 넘치는 친구니까, 분명 즐거울 거야.$","$Yes, they’re full of energy, so it’ll definitely be fun.$",Quest_npc003_quest2008_05,,,stella_03_103,left,TRUE,DialogueBackGround2,,,,,,,,,,,,,,,,,,,,,,,,,,,,,
Quest_npc003_quest2008_05,npc003,Stage03,dialogue,speaker_Ribby,리비,Ribby,dialogue_Quest_npc003_quest2008_05,"$동생하고 있었던 일이 해결되었으면 좋겠어요, 꼭이요!$",$I hope things work out between you and your sister. Really!$,Quest_npc003_quest2008_06,,,ribby_00,right,TRUE,DialogueBackGround2,,,,,,,,,,,,,,,,,,,,,,,,,,,,,
Quest_npc003_quest2008_06,npc003,Stage03,dialogue,speaker_Kastro,카스트로,Kastro,dialogue_Quest_npc003_quest2008_06,"$응, 고마워. 꼭 이야기 해 볼게.$",$Thanks. I’ll make sure to talk to her.$,Quest_npc003_quest2008_07,,,stella_03_101,left,TRUE,DialogueBackGround2,,,,,,,,,,,,,,,,,,,,,,,,,,,,,
Quest_npc003_quest2008_07,npc003,Stage03,end,speaker_Kastro,카스트로,Kastro,dialogue_Quest_npc003_quest2008_07,"$정말 수고 많았어. 다음에 또 보자, 리비.$","$You’ve done an amazing job. See you again soon, Ribby.$",,,,stella_03_105,left,TRUE,DialogueBackGround2,,,,,,,,,,,,,,,,,,,,,,,,,,,,,
Quest_npc003_quest2009,npc004,Stage03,start,speaker_Ribby,리비,Ribby,dialogue_Quest_npc003_quest2009,$…으응?$,$…Hmm?$,Quest_npc003_quest2009_01,,,ribby_00,right,TRUE,DialogueBackGround2,,,,,,,,,,,,,,,,,,,,,,,,,,,,,
Quest_npc003_quest2009_01,npc003,Stage03,dialogue,speaker_Ribby,리비,Ribby,dialogue_Quest_npc003_quest2009_01,$저기요? 안 계시나요? 카스트로 님?$,"$Hello? Are you not here, Lord Kastro?$",Quest_npc003_quest2009_02,,,ribby_00,right,TRUE,DialogueBackGround2,,,,,,,,,,,,,,,,,,,,,,,,,,,,,
Quest_npc003_quest2009_02,npc003,Stage03,dialogue,speaker_???,???,???,dialogue_Quest_npc003_quest2009_02,$…$,$…$,Quest_npc003_quest2009_03,,,stella_03_200,left,TRUE,DialogueBackGround2,,,,,,,,,,,,,,,,,,,,,,,,,,,,,
Quest_npc003_quest2009_03,npc003,Stage03,dialogue,speaker_???,???,???,dialogue_Quest_npc003_quest2009_03,$…리비.$,$…Ribby.$,Quest_npc003_quest2009_04,,,stella_03_201,left,TRUE,DialogueBackGround2,,,,,,,,,,,,,,,,,,,,,,,,,,,,,
Quest_npc003_quest2009_04,npc003,Stage03,dialogue,speaker_Ribby,리비,Ribby,dialogue_Quest_npc003_quest2009_04,"$네, 네? 누구시죠?!$",$Y-yes? Who are you?!$,Quest_npc003_quest2009_05,,,ribby_00,right,TRUE,DialogueBackGround2,,,,,,,,,,,,,,,,,,,,,,,,,,,,,
Quest_npc003_quest2009_05,npc003,Stage03,dialogue,speaker_???,???,???,dialogue_Quest_npc003_quest2009_05,"$리비, 맞지…? 맞는 것 같네…$","$Ribby, right…? I thought so…$",Quest_npc003_quest2009_06,,,stella_03_201,left,TRUE,DialogueBackGround2,,,,,,,,,,,,,,,,,,,,,,,,,,,,,
Quest_npc003_quest2009_06,npc003,Stage03,dialogue,speaker_???,???,???,dialogue_Quest_npc003_quest2009_06,$전부… 지켜보고 있었어.$,$I’ve been watching everything.$,Quest_npc003_quest2009_07,,,stella_03_200,left,TRUE,DialogueBackGround2,,,,,,,,,,,,,,,,,,,,,,,,,,,,,
Quest_npc003_quest2009_07,npc003,Stage03,dialogue,speaker_Ribby,리비,Ribby,dialogue_Quest_npc003_quest2009_07,$혹시... 이름을 여쭈어 봐도 될까요…?$,$May I… ask your name?$,Quest_npc003_quest2009_08,,,ribby_00,right,TRUE,DialogueBackGround2,,,,,,,,,,,,,,,,,,,,,,,,,,,,,
Quest_npc003_quest2009_08,npc003,Stage03,dialogue,speaker_???,???,???,dialogue_Quest_npc003_quest2009_08,$…$,$…$,Quest_npc003_quest2009_09,,,stella_03_202,left,TRUE,DialogueBackGround2,,,,,,,,,,,,,,,,,,,,,,,,,,,,,
Quest_npc003_quest2009_09,npc003,Stage03,dialogue,speaker_Pollo,폴로,Pollo,dialogue_Quest_npc003_quest2009_09,$…폴로.$,$…Pollo.$,Quest_npc003_quest2009_10,,,stella_03_203,left,TRUE,DialogueBackGround2,,,,,,,,,,,,,,,,,,,,,,,,,,,,,
Quest_npc003_quest2009_10,npc003,Stage03,dialogue,speaker_Pollo,폴로,Pollo,dialogue_Quest_npc003_quest2009_10,$내가… 카스트로의 동생이야.$,$I’m… Kastro’s younger sister.$,Quest_npc003_quest2009_11,,,stella_03_203,left,TRUE,DialogueBackGround2,,,,,,,,,,,,,,,,,,,,,,,,,,,,,
Quest_npc003_quest2009_11,npc003,Stage03,dialogue,speaker_Ribby,리비,Ribby,dialogue_Quest_npc003_quest2009_11,"$아아, 역시! 그랬군요. 만나서 반가워요, 폴로!$","$Ah, I knew it! I was right. It’s nice to meet you, Pollo!$",Quest_npc003_quest2009_12,,,ribby_00,right,TRUE,DialogueBackGround2,,,,,,,,,,,,,,,,,,,,,,,,,,,,,
Quest_npc003_quest2009_12,npc003,Stage03,dialogue,speaker_Pollo,폴로,Pollo,dialogue_Quest_npc003_quest2009_12,$…그래.$,$…Yeah.$,Quest_npc003_quest2009_13,,,stella_03_203,left,TRUE,DialogueBackGround2,,,,,,,,,,,,,,,,,,,,,,,,,,,,,
Quest_npc003_quest2009_13,npc003,Stage03,dialogue,speaker_Pollo,폴로,Pollo,dialogue_Quest_npc003_quest2009_13,$내가 형의 '자리'를 뺏었어… 그래서 내가 밖으로 나온 거야.$,$I took my brother’s ‘place’… That’s why I’m the one outside now.$,Quest_npc003_quest2009_14,,,stella_03_202,left,TRUE,DialogueBackGround2,,,,,,,,,,,,,,,,,,,,,,,,,,,,,
Quest_npc003_quest2009_14,npc003,Stage03,dialogue,speaker_Ribby,리비,Ribby,dialogue_Quest_npc003_quest2009_14,$그랬군요…!$,$I see…!$,Quest_npc003_quest2009_15,,,ribby_00,right,TRUE,DialogueBackGround2,,,,,,,,,,,,,,,,,,,,,,,,,,,,,
Quest_npc003_quest2009_15,npc003,Stage03,dialogue,speaker_Pollo,폴로,Pollo,dialogue_Quest_npc003_quest2009_15,$…$,$…$,Quest_npc003_quest2009_16,,,stella_03_202,left,TRUE,DialogueBackGround2,,,,,,,,,,,,,,,,,,,,,,,,,,,,,
Quest_npc003_quest2009_16,npc003,Stage03,dialogue,speaker_Ribby,리비,Ribby,dialogue_Quest_npc003_quest2009_16,$…$,$…$,Quest_npc003_quest2009_17,,,ribby_00,right,TRUE,DialogueBackGround2,,,,,,,,,,,,,,,,,,,,,,,,,,,,,
Quest_npc003_quest2009_17,npc003,Stage03,dialogue,speaker_Pollo,폴로,Pollo,dialogue_Quest_npc003_quest2009_17,$…$,$…$,Quest_npc003_quest2009_18,,,stella_03_200,left,TRUE,DialogueBackGround2,,,,,,,,,,,,,,,,,,,,,,,,,,,,,
Quest_npc003_quest2009_18,npc003,Stage03,dialogue,speaker_Ribby,리비,Ribby,dialogue_Quest_npc003_quest2009_18,$…카스트로 님의 동생…이구요.$,$…You’re Lord Kastro’s sister… right?$,Quest_npc003_quest2009_19,,,ribby_00,right,TRUE,DialogueBackGround2,,,,,,,,,,,,,,,,,,,,,,,,,,,,,
Quest_npc003_quest2009_19,npc003,Stage03,dialogue,speaker_Pollo,폴로,Pollo,dialogue_Quest_npc003_quest2009_19,$응.$,$Yeah.$,Quest_npc003_quest2009_20,,,stella_03_201,left,TRUE,DialogueBackGround2,,,,,,,,,,,,,,,,,,,,,,,,,,,,,
Quest_npc003_quest2009_20,npc003,Stage03,dialogue,speaker_Ribby,리비,Ribby,dialogue_Quest_npc003_quest2009_20,$네…$,$I see…$,Quest_npc003_quest2009_21,,,ribby_00,right,TRUE,DialogueBackGround2,,,,,,,,,,,,,,,,,,,,,,,,,,,,,
Quest_npc003_quest2009_21,npc003,Stage03,dialogue,speaker_Pollo,폴로,Pollo,dialogue_Quest_npc003_quest2009_21,$……$,$……$,Quest_npc003_quest2009_22,,,stella_03_206,left,TRUE,DialogueBackGround2,,,,,,,,,,,,,,,,,,,,,,,,,,,,,
Quest_npc003_quest2009_22,npc003,Stage03,dialogue,speaker_Ribby,리비,Ribby,dialogue_Quest_npc003_quest2009_22,$어… 계속 할게요. 별가루 만드는 거.$,"$Um… I’ll keep going. Making stardust, I mean.$",Quest_npc003_quest2009_23,,,ribby_00,right,TRUE,DialogueBackGround2,,,,,,,,,,,,,,,,,,,,,,,,,,,,,
Quest_npc003_quest2009_23,npc003,Stage03,end,speaker_Pollo,폴로,Pollo,dialogue_Quest_npc003_quest2009_23,$…응.$,$…Okay.$,,,,stella_03_207,left,TRUE,DialogueBackGround2,,,,,,,,,,,,,,,,,,,,,,,,,,,,,
Quest_npc003_quest2010,npc003,Stage03,start,speaker_Ribby,리비,Ribby,dialogue_Quest_npc003_quest2010,"$여기, 별가루에요.$","$Here, this is the stardust.$",Quest_npc003_quest2010_01,,,ribby_00,right,TRUE,DialogueBackGround2,,,,,,,,,,,,,,,,,,,,,,,,,,,,,
Quest_npc003_quest2010_01,npc003,Stage03,dialogue,speaker_Pollo,폴로,Pollo,dialogue_Quest_npc003_quest2010_01,"$…응, 고마워.$",$…Thanks.$,Quest_npc003_quest2010_02,,,stella_03_204,left,TRUE,DialogueBackGround2,,,,,,,,,,,,,,,,,,,,,,,,,,,,,
Quest_npc003_quest2010_02,npc003,Stage03,dialogue,speaker_Ribby,리비,Ribby,dialogue_Quest_npc003_quest2010_02,$…이야기 해 줄 수 있나요?$,$…Can you tell me what happened?$,Quest_npc003_quest2010_03,,,ribby_00,right,TRUE,DialogueBackGround2,,,,,,,,,,,,,,,,,,,,,,,,,,,,,
Quest_npc003_quest2010_03,npc003,Stage03,dialogue,speaker_Ribby,리비,Ribby,dialogue_Quest_npc003_quest2010_03,$카스트로와 무슨 일이 있었는지.$,$Between you and Kastro.$,Quest_npc003_quest2010_04,,,ribby_00,right,TRUE,DialogueBackGround2,,,,,,,,,,,,,,,,,,,,,,,,,,,,,
Quest_npc003_quest2010_04,npc003,Stage03,dialogue,speaker_Pollo,폴로,Pollo,dialogue_Quest_npc003_quest2010_04,"$응, 그게. 카스트로는… 카스트로는 바보야.$","$Yeah, well. Kastro is… Kastro’s an idiot.$",Quest_npc003_quest2010_05,,,stella_03_201,left,TRUE,DialogueBackGround2,,,,,,,,,,,,,,,,,,,,,,,,,,,,,
Quest_npc003_quest2010_05,npc003,Stage03,dialogue,speaker_Pollo,폴로,Pollo,dialogue_Quest_npc003_quest2010_05,"$매일… 매일 물어봐… 오늘 하루는 어땠는지, 앞으로는 어떻게 할 건지…$","$Every day… he’d ask… how my day was, what I planned to do next…$",Quest_npc003_quest2010_06,,,stella_03_200,left,TRUE,DialogueBackGround2,,,,,,,,,,,,,,,,,,,,,,,,,,,,,
Quest_npc003_quest2010_06,npc003,Stage03,dialogue,speaker_Pollo,폴로,Pollo,dialogue_Quest_npc003_quest2010_06,"$내가, 지쳐서 떨어져 나갈 때까지, 계속…$",$He kept asking until I got so tired I drifted away…$,Quest_npc003_quest2010_07,,,stella_03_203,left,TRUE,DialogueBackGround2,,,,,,,,,,,,,,,,,,,,,,,,,,,,,
Quest_npc003_quest2010_07,npc003,Stage03,dialogue,speaker_Pollo,폴로,Pollo,dialogue_Quest_npc003_quest2010_07,$그러면 그럴 수록… 밖으로 나가는 게 힘들어져.$,"$And the more he did, the harder it became for me to go outside.$",Quest_npc003_quest2010_08,,,stella_03_203,left,TRUE,DialogueBackGround2,,,,,,,,,,,,,,,,,,,,,,,,,,,,,
Quest_npc003_quest2010_08,npc003,Stage03,dialogue,speaker_Pollo,폴로,Pollo,dialogue_Quest_npc003_quest2010_08,$…형은 모를 걸.$,$…He probably never realized.$,Quest_npc003_quest2010_09,,,stella_03_202,left,TRUE,DialogueBackGround2,,,,,,,,,,,,,,,,,,,,,,,,,,,,,
Quest_npc003_quest2010_09,npc003,Stage03,dialogue,speaker_Ribby,리비,Ribby,dialogue_Quest_npc003_quest2010_09,$으으음…$,$Hmm…$,Quest_npc003_quest2010_10,,,ribby_00,right,TRUE,DialogueBackGround2,,,,,,,,,,,,,,,,,,,,,,,,,,,,,
Quest_npc003_quest2010_10,npc003,Stage03,dialogue,speaker_Pollo,폴로,Pollo,dialogue_Quest_npc003_quest2010_10,$…화가 났어.$,$I got angry.$,Quest_npc003_quest2010_11,,,stella_03_201,left,TRUE,DialogueBackGround2,,,,,,,,,,,,,,,,,,,,,,,,,,,,,
Quest_npc003_quest2010_11,npc003,Stage03,dialogue,speaker_Pollo,폴로,Pollo,dialogue_Quest_npc003_quest2010_11,$그러면서… 나를 위한다고 말을 걸어 와…$,$And yet… he still came to me saying he was doing it for my sake…$,Quest_npc003_quest2010_12,,,stella_03_201,left,TRUE,DialogueBackGround2,,,,,,,,,,,,,,,,,,,,,,,,,,,,,
Quest_npc003_quest2010_12,npc003,Stage03,end,speaker_Ribby,리비,Ribby,dialogue_Quest_npc003_quest2010_12,$그렇군요…$,$I see…$,,,,ribby_00,right,TRUE,DialogueBackGround2,,,,,,,,,,,,,,,,,,,,,,,,,,,,,
Quest_npc003_quest2011,npc003,Stage03,start,speaker_Pollo,폴로,Pollo,dialogue_Quest_npc003_quest2011,$음…$,$Hmm…$,Quest_npc003_quest2011_01,,,stella_03_202,left,TRUE,DialogueBackGround2,,,,,,,,,,,,,,,,,,,,,,,,,,,,,
Quest_npc003_quest2011_01,npc003,Stage03,dialogue,speaker_Pollo,폴로,Pollo,dialogue_Quest_npc003_quest2011_01,"$…밖으로 나온 건, 꽤 오랜만이야.$",$…It’s been a long time since I came outside.$,Quest_npc003_quest2011_02,,,stella_03_203,left,TRUE,DialogueBackGround2,,,,,,,,,,,,,,,,,,,,,,,,,,,,,
Quest_npc003_quest2011_02,npc003,Stage03,dialogue,speaker_Ribby,리비,Ribby,dialogue_Quest_npc003_quest2011_02,$사백 년… 만이었나요…$,$Four hundred years… was it?$,Quest_npc003_quest2011_03,,,ribby_00,right,TRUE,DialogueBackGround2,,,,,,,,,,,,,,,,,,,,,,,,,,,,,
Quest_npc003_quest2011_03,npc003,Stage03,dialogue,speaker_Pollo,폴로,Pollo,dialogue_Quest_npc003_quest2011_03,$…$,$…$,Quest_npc003_quest2011_04,,,stella_03_206,left,TRUE,DialogueBackGround2,,,,,,,,,,,,,,,,,,,,,,,,,,,,,
Quest_npc003_quest2011_04,npc003,Stage03,dialogue,speaker_Pollo,폴로,Pollo,dialogue_Quest_npc003_quest2011_04,"$저… 저기,$","$Um… excuse me,$",Quest_npc003_quest2011_05,,,stella_03_207,left,TRUE,DialogueBackGround2,,,,,,,,,,,,,,,,,,,,,,,,,,,,,
Quest_npc003_quest2011_05,npc003,Stage03,dialogue,speaker_Pollo,폴로,Pollo,dialogue_Quest_npc003_quest2011_05,$별가루 만들어줘서 고마워.$,$Thank you for making the stardust.$,Quest_npc003_quest2011_06,,,stella_03_207,left,TRUE,DialogueBackGround2,,,,,,,,,,,,,,,,,,,,,,,,,,,,,
Quest_npc003_quest2011_06,npc003,Stage03,end,speaker_Ribby,리비,Ribby,dialogue_Quest_npc003_quest2011_06,"$헤헤, 별 말씀을요.$","$Hehe, you’re very welcome.$",,,,ribby_00,right,TRUE,DialogueBackGround2,,,,,,,,,,,,,,,,,,,,,,,,,,,,,
Quest_npc003_quest2012,npc003,Stage03,start,speaker_Pollo,폴로,Pollo,dialogue_Quest_npc003_quest2012,$이건… 별 얼음이네.$,$This is… star ice.$,Quest_npc003_quest2012_01,,,stella_03_205,left,TRUE,DialogueBackGround2,,,,,,,,,,,,,,,,,,,,,,,,,,,,,
Quest_npc003_quest2012_01,npc003,Stage03,dialogue,speaker_Ribby,리비,Ribby,dialogue_Quest_npc003_quest2012_01,$폴로 님이 가장 좋아하는 별가루이지요?$,"$It’s your favorite kind of stardust, isn’t it, Lady Pollo?$",Quest_npc003_quest2012_02,,,ribby_00,right,TRUE,DialogueBackGround2,,,,,,,,,,,,,,,,,,,,,,,,,,,,,
Quest_npc003_quest2012_02,npc003,Stage03,dialogue,speaker_Ribby,리비,Ribby,dialogue_Quest_npc003_quest2012_02,"$폴로 님은 별얼음을 제일 좋아한다고, 카스트로 님이 말씀하셨지요.$",$Lord Kastro told me you love star ice the most.$,Quest_npc003_quest2012_03,,,ribby_00,right,TRUE,DialogueBackGround2,,,,,,,,,,,,,,,,,,,,,,,,,,,,,
Quest_npc003_quest2012_03,npc003,Stage03,dialogue,speaker_Pollo,폴로,Pollo,dialogue_Quest_npc003_quest2012_03,$형에게 따로 이야기한 기억은 없는데…$,$I don’t remember ever telling him that…$,Quest_npc003_quest2012_04,,,stella_03_203,left,TRUE,DialogueBackGround2,,,,,,,,,,,,,,,,,,,,,,,,,,,,,
Quest_npc003_quest2012_04,npc003,Stage03,dialogue,speaker_Ribby,리비,Ribby,dialogue_Quest_npc003_quest2012_04,$글쎄요… 그만큼 폴로 님을 잘 알고 있었나 봐요.$,$Well… I guess he knew you that well.$,Quest_npc003_quest2012_05,,,ribby_00,right,TRUE,DialogueBackGround2,,,,,,,,,,,,,,,,,,,,,,,,,,,,,
Quest_npc003_quest2012_05,npc003,Stage03,end,speaker_Pollo,폴로,Pollo,dialogue_Quest_npc003_quest2012_05,$…$,$…$,,,,stella_03_202,left,TRUE,DialogueBackGround2,,,,,,,,,,,,,,,,,,,,,,,,,,,,,
Quest_npc003_quest2013,npc003,Stage03,start,speaker_Ribby,리비,Ribby,dialogue_Quest_npc003_quest2013,"$폴로, 생각을 조금 해 봤는데요.$","$Pollo, I’ve been thinking a little.$",Quest_npc003_quest2013_01,,,ribby_00,right,TRUE,DialogueBackGround2,,,,,,,,,,,,,,,,,,,,,,,,,,,,,
Quest_npc003_quest2013_01,npc003,Stage03,dialogue,speaker_Pollo,폴로,Pollo,dialogue_Quest_npc003_quest2013_01,$어? 으응.$,$Oh? Hmm?$,Quest_npc003_quest2013_02,,,stella_03_207,left,TRUE,DialogueBackGround2,,,,,,,,,,,,,,,,,,,,,,,,,,,,,
Quest_npc003_quest2013_02,npc003,Stage03,dialogue,speaker_Ribby,리비,Ribby,dialogue_Quest_npc003_quest2013_02,$카스트로 님이 폴로 님을 힘들게 했을 수도 있지만…$,$Lord Kastro may have made things hard for you…$,Quest_npc003_quest2013_03,,,ribby_00,right,TRUE,DialogueBackGround2,,,,,,,,,,,,,,,,,,,,,,,,,,,,,
Quest_npc003_quest2013_03,npc003,Stage03,dialogue,speaker_Ribby,리비,Ribby,dialogue_Quest_npc003_quest2013_03,$그것이 카스트로 님이 폴로 님을 미워했기 때문인 것은 아니잖아요?$,"$But it’s not because he hated you, right?$",Quest_npc003_quest2013_04,,,ribby_00,right,TRUE,DialogueBackGround2,,,,,,,,,,,,,,,,,,,,,,,,,,,,,
Quest_npc003_quest2013_04,npc003,Stage03,dialogue,speaker_Pollo,폴로,Pollo,dialogue_Quest_npc003_quest2013_04,$…$,$…$,Quest_npc003_quest2013_05,,,stella_03_206,left,TRUE,DialogueBackGround2,,,,,,,,,,,,,,,,,,,,,,,,,,,,,
Quest_npc003_quest2013_05,npc003,Stage03,dialogue,speaker_Ribby,리비,Ribby,dialogue_Quest_npc003_quest2013_05,$가끔은…$,$Sometimes…$,Quest_npc003_quest2013_06,,,ribby_00,right,TRUE,DialogueBackGround2,,,,,,,,,,,,,,,,,,,,,,,,,,,,,
Quest_npc003_quest2013_06,npc003,Stage03,dialogue,speaker_Ribby,리비,Ribby,dialogue_Quest_npc003_quest2013_06,$사과를 받는 쪽이 용기를 내야 하는 경우도 있는 법이죠.$,$The one who receives the apology has to be the brave one.$,Quest_npc003_quest2013_07,,,ribby_00,right,TRUE,DialogueBackGround2,,,,,,,,,,,,,,,,,,,,,,,,,,,,,
Quest_npc003_quest2013_07,npc003,Stage03,end,speaker_Pollo,폴로,Pollo,dialogue_Quest_npc003_quest2013_07,$…그 말이 맞아.$,$…You’re right.$,,,,stella_03_205,left,TRUE,DialogueBackGround2,,,,,,,,,,,,,,,,,,,,,,,,,,,,,
Quest_npc003_quest2014,npc003,Stage03,start,speaker_Pollo,폴로,Pollo,dialogue_Quest_npc003_quest2014,$어…$,$Um…$,Quest_npc003_quest2014_01,,,stella_03_203,left,TRUE,DialogueBackGround2,,,,,,,,,,,,,,,,,,,,,,,,,,,,,
Quest_npc003_quest2014_01,npc003,Stage03,dialogue,speaker_Pollo,폴로,Pollo,dialogue_Quest_npc003_quest2014_01,"$고마워, 리비.$","$Thank you, Ribby.$",Quest_npc003_quest2014_02,,,stella_03_205,left,TRUE,DialogueBackGround2,,,,,,,,,,,,,,,,,,,,,,,,,,,,,
Quest_npc003_quest2014_02,npc003,Stage03,dialogue,speaker_Pollo,폴로,Pollo,dialogue_Quest_npc003_quest2014_02,$덕분에 여러모로… 생각이 정리됐어.$,$Thanks to you… I was able to sort out my thoughts.$,Quest_npc003_quest2014_03,,,stella_03_204,left,TRUE,DialogueBackGround2,,,,,,,,,,,,,,,,,,,,,,,,,,,,,
Quest_npc003_quest2014_03,npc003,Stage03,dialogue,speaker_Ribby,리비,Ribby,dialogue_Quest_npc003_quest2014_03,"$다행이에요, 폴로.$","$I’m glad to hear that, Pollo.$",Quest_npc003_quest2014_04,,,ribby_00,right,TRUE,DialogueBackGround2,,,,,,,,,,,,,,,,,,,,,,,,,,,,,
Quest_npc003_quest2014_04,npc003,Stage03,dialogue,speaker_Pollo,폴로,Pollo,dialogue_Quest_npc003_quest2014_04,"$별가루… 만들어줘서, 고마워.$",$Thank you… for making the stardust.$,Quest_npc003_quest2014_05,,,stella_03_205,left,TRUE,DialogueBackGround2,,,,,,,,,,,,,,,,,,,,,,,,,,,,,
Quest_npc003_quest2014_05,npc003,Stage03,end,speaker_Pollo,폴로,Pollo,dialogue_Quest_npc003_quest2014_05,$기억하고 있을게…$,$I’ll remember this…$,,,,stella_03_204,left,TRUE,DialogueBackGround2,,,,,,,,,,,,,,,,,,,,,,,,,,,,,
Compass_npc001_1,npc001,Stage01,start,speaker_stella_01_00,크리소,Chryso,dialogue_Compass_npc001_1,$흐어어… 이게 얼마만의 별가루인지.$,$Huuuuh… It’s been so long since I last saw stardust.$,,,,,,,,,,,,,,,,,,,,,,,,,,,,,,,,,,,,
Compass_npc001_2,npc001,Stage01,start,speaker_stella_01_00,크리소,Chryso,dialogue_Compass_npc001_2,$아직 더 필요해. 더 갖다 주게. 더.$,$I still need more. Bring me more. More!$,,,,,,,,,,,,,,,,,,,,,,,,,,,,,,,,,,,,
Compass_npc001_3,npc001,Stage01,start,speaker_stella_01_00,크리소,Chryso,dialogue_Compass_npc001_3,"$천천히 하게, 안 잡아 먹으니까!$","$Take it easy, I’m not going to eat you!$",,,,,,,,,,,,,,,,,,,,,,,,,,,,,,,,,,,,
Compass_npc001_4,npc001,Stage01,start,speaker_stella_01_00,크리소,Chryso,dialogue_Compass_npc001_4,$참 열심히 하는구만…$,$You’re working really hard…$,,,,,,,,,,,,,,,,,,,,,,,,,,,,,,,,,,,,
Compass_npc001_5,npc001,Stage01,start,speaker_stella_01_00,크리소,Chryso,dialogue_Compass_npc001_5,$이렇게 깨어있는 것도 아주 오랜만이군.$,$It’s also been a long time since I’ve been this awake.$,,,,,,,,,,,,,,,,,,,,,,,,,,,,,,,,,,,,
Compass_npc001_6,npc001,Stage01,start,speaker_stella_01_00,크리소,Chryso,dialogue_Compass_npc001_6,$네메아는 잘 살아 있으려나?$,$I wonder if Nemea is doing well?$,,,,,,,,,,,,,,,,,,,,,,,,,,,,,,,,,,,,
Compass_npc001_7,npc001,Stage01,start,speaker_stella_01_00,크리소,Chryso,dialogue_Compass_npc001_7,$우오오오오오-!!!!!$,$Uoooooohhh!!!!!$,,,,,,,,,,,,,,,,,,,,,,,,,,,,,,,,,,,,
Compass_npc001_8,npc001,Stage01,start,speaker_stella_01_00,크리소,Chryso,dialogue_Compass_npc001_8,$으음… 으으음...!!$,$Mmm… Mmmhh…!!$,,,,,,,,,,,,,,,,,,,,,,,,,,,,,,,,,,,,
Compass_npc001_9,npc001,Stage01,start,speaker_stella_01_00,크리소,Chryso,dialogue_Compass_npc001_9,$킁-$,$Sniff-$,,,,,,,,,,,,,,,,,,,,,,,,,,,,,,,,,,,,
Compass_npc001_10,npc001,Stage01,start,speaker_stella_01_00,크리소,Chryso,dialogue_Compass_npc001_10,$…우와아악!!! 뭘 그렇게 빤히 쳐다보나!$,$…Waaahhh!!! Why are you staring at me like that!$,,,,,,,,,,,,,,,,,,,,,,,,,,,,,,,,,,,,
Compass_npc002_1,npc002,Stage02,start,speaker_stella_02_00,이오,Io,dialogue_Compass_npc002_1,$…응? 무슨 일이야?$,$…Huh? What is it?$,,,,,,,,,,,,,,,,,,,,,,,,,,,,,,,,,,,,
Compass_npc002_2,npc002,Stage02,start,speaker_stella_02_00,이오,Io,dialogue_Compass_npc002_2,$궁금한 것이 있니?$,$Are you curious about something?$,,,,,,,,,,,,,,,,,,,,,,,,,,,,,,,,,,,,
Compass_npc002_3,npc002,Stage02,start,speaker_stella_02_00,이오,Io,dialogue_Compass_npc002_3,$필요한 게 있다면 언제든 찾아와.$,"$If you need anything, come anytime.$",,,,,,,,,,,,,,,,,,,,,,,,,,,,,,,,,,,,
Compass_npc002_4,npc002,Stage02,start,speaker_stella_02_00,이오,Io,dialogue_Compass_npc002_4,$내가 도와줄 수 있다면 좋을 텐데…$,$I’d be glad if I could help…$,,,,,,,,,,,,,,,,,,,,,,,,,,,,,,,,,,,,
Compass_npc002_5,npc002,Stage02,start,speaker_stella_02_00,이오,Io,dialogue_Compass_npc002_5,$오늘은 어쩐지 기분이 좋은 걸.$,"$For some reason, I feel good today.$",,,,,,,,,,,,,,,,,,,,,,,,,,,,,,,,,,,,
Compass_npc002_6,npc002,Stage02,start,speaker_stella_02_00,이오,Io,dialogue_Compass_npc002_6,$네가 있어서 다행이야.$,$I’m glad you’re here.$,,,,,,,,,,,,,,,,,,,,,,,,,,,,,,,,,,,,
Compass_npc002_7,npc002,Stage02,start,speaker_stella_02_00,이오,Io,dialogue_Compass_npc002_7,$안녕~ 나 보고 있어?$,$Hello~ Are you looking at me?$,,,,,,,,,,,,,,,,,,,,,,,,,,,,,,,,,,,,
Compass_npc002_8,npc002,Stage02,start,speaker_stella_02_00,이오,Io,dialogue_Compass_npc002_8,$흐음…$,$Hmm…$,,,,,,,,,,,,,,,,,,,,,,,,,,,,,,,,,,,,
Compass_npc002_9,npc002,Stage02,start,speaker_stella_02_00,이오,Io,dialogue_Compass_npc002_9,"$…에, 에-엣취!!$",$…A- a-choo!!$,,,,,,,,,,,,,,,,,,,,,,,,,,,,,,,,,,,,
Compass_npc002_10,npc002,Stage02,start,speaker_stella_02_00,이오,Io,dialogue_Compass_npc002_10,$♩~♫♪♩~$,$♩~♫♪♩~$,,,,,,,,,,,,,,,,,,,,,,,,,,,,,,,,,,,,
Compass_npc003_1,npc003,Stage03,start,speaker_stella_03_00,카스트로,Kastro,dialogue_Compass_npc003_1,$좋은 날이야!$,$It’s a good day!$,,,,,,,,,,,,,,,,,,,,,,,,,,,,,,,,,,,,
Compass_npc003_2,npc003,Stage03,start,speaker_stella_03_00,카스트로,Kastro,dialogue_Compass_npc003_2,$잘 부탁해!$,$Nice to meet you!$,,,,,,,,,,,,,,,,,,,,,,,,,,,,,,,,,,,,
Compass_npc003_3,npc003,Stage03,start,speaker_stella_03_00,카스트로,Kastro,dialogue_Compass_npc003_3,$도와줄 거 있니? 말만 해!$,$Need any help? Just say the word!$,,,,,,,,,,,,,,,,,,,,,,,,,,,,,,,,,,,,
Compass_npc003_4,npc003,Stage03,start,speaker_stella_03_00,카스트로,Kastro,dialogue_Compass_npc003_4,"$기회가 되면, 친구들을 보러 가고 싶네.$","$If I get the chance, I’d like to go see my friends.$",,,,,,,,,,,,,,,,,,,,,,,,,,,,,,,,,,,,
Compass_npc003_5,npc003,Stage03,start,speaker_stella_03_00,카스트로,Kastro,dialogue_Compass_npc003_5,$가끔은 그 아이가 대체 무슨 생각을 하는지…$,$Sometimes I really wonder what that kid is thinking…$,,,,,,,,,,,,,,,,,,,,,,,,,,,,,,,,,,,,
Compass_npc003_6,npc003,Stage03,start,speaker_stella_03_00,카스트로,Kastro,dialogue_Compass_npc003_6,"$항상 열심이네, 친구.$","$You’re always so diligent, my friend.$",,,,,,,,,,,,,,,,,,,,,,,,,,,,,,,,,,,,
Compass_npc003_7,npc003,Stage03,start,speaker_stella_03_00,카스트로,Kastro,dialogue_Compass_npc003_7,"$지켜보고 있다구, 응원할게!$","$I’m watching you, cheering for you!$",,,,,,,,,,,,,,,,,,,,,,,,,,,,,,,,,,,,
Compass_npc003_8,npc003,Stage03,start,speaker_stella_03_00,카스트로,Kastro,dialogue_Compass_npc003_8,"$아아, 별가루… 정말 감사한 일이야…$","$Ahh, stardust… I’m truly grateful…$",,,,,,,,,,,,,,,,,,,,,,,,,,,,,,,,,,,,
Compass_npc003_9,npc003,Stage03,start,speaker_stella_04_00,폴로,Pollo,dialogue_Compass_npc003_9,"$으, 응? ...왜?$",$H-huh? ...Why?$,,,,,,,,,,,,,,,,,,,,,,,,,,,,,,,,,,,,
Compass_npc003_10,npc003,Stage03,start,speaker_stella_04_00,폴로,Pollo,dialogue_Compass_npc003_10,$어… 무슨 일이야?$,$Uh… what’s wrong?$,,,,,,,,,,,,,,,,,,,,,,,,,,,,,,,,,,,,
Compass_npc003_11,npc003,Stage03,start,speaker_stella_04_00,폴로,Pollo,dialogue_Compass_npc003_11,"$어, 어어, 저, 그러니까… 미안.$","$Uh, uh, w-well, um… sorry.$",,,,,,,,,,,,,,,,,,,,,,,,,,,,,,,,,,,,
Compass_npc003_12,npc003,Stage03,start,speaker_stella_04_00,폴로,Pollo,dialogue_Compass_npc003_12,"$그, 그렇게 빤히 쳐다 봐도… 뭐 없어…$",$E-even if you stare at me like that… there’s nothing…$,,,,,,,,,,,,,,,,,,,,,,,,,,,,,,,,,,,,
Compass_npc003_13,npc003,Stage03,start,speaker_stella_04_00,폴로,Pollo,dialogue_Compass_npc003_13,"$언젠간, 나도 형 처럼…$","$Someday, I’ll be like my big brother too…$",,,,,,,,,,,,,,,,,,,,,,,,,,,,,,,,,,,,
Compass_npc003_14,npc003,Stage03,start,speaker_stella_04_00,폴로,Pollo,dialogue_Compass_npc003_14,"$으, 으흠.$",$U-uh-hm.$,,,,,,,,,,,,,,,,,,,,,,,,,,,,,,,,,,,,
Compass_npc003_15,npc003,Stage03,start,speaker_stella_04_00,폴로,Pollo,dialogue_Compass_npc003_15,$…zzz$,$…zzz$,,,,,,,,,,,,,,,,,,,,,,,,,,,,,,,,,,,,
Compass_npc003_16,npc003,Stage03,start,speaker_stella_04_00,폴로,Pollo,dialogue_Compass_npc003_16,$…$,$…$,,,,,,,,,,,,,,,,,,,,,,,,,,,,,,,,,,,,
